img_url,product_url,title
https://www.cjdropshipping.com/product/alshow-best-sellers-stretchy-men-vest-pure-cotton-breathable-round-neckline-vest-for-men-coarse-pitch-thread-p-1401023645349974016.html,https://www.cjdropshipping.com/product/alshow-best-sellers-stretchy-men-vest-pure-cotton-breathable-round-neckline-vest-for-men-coarse-pitch-thread-p-1401023645349974016.html,ListAdd to My ProductsALSHOW Best Sellers Stretchy Men Vest Pure Cotton Breathable Round Neckline Vest for Men coarse-pitch threadLists: 41$4.39QTY
https://www.cjdropshipping.com/product/2021-aliexpress-sellers-xl-two-piece-swimsuit-bikinis-velvet-suit-p-C69B1791-4AE3-4830-947C-B21623E740F3.html,https://www.cjdropshipping.com/product/2021-aliexpress-sellers-xl-two-piece-swimsuit-bikinis-velvet-suit-p-C69B1791-4AE3-4830-947C-B21623E740F3.html,ListAdd to My Products2021 aliexpress sellers XL two piece swimsuit bikinis velvet suitLists: 86$3.93QTY
https://www.cjdropshipping.com/product/green-v-neck-slim-lace-tank-tops-are-hot-sellers-p-84CBE195-10BD-4CC6-8E12-39BFD32631F2.html,https://www.cjdropshipping.com/product/green-v-neck-slim-lace-tank-tops-are-hot-sellers-p-84CBE195-10BD-4CC6-8E12-39BFD32631F2.html,ListAdd to My ProductsGreen V-neck slim lace tank tops are hot sellersLists: 100$3.43QTY
https://www.cjdropshipping.com/product/the-foreign-electronic-pet-machine-virtual-pet-game-machine-new-mini-puzzle-develop-aliexpress-sellers-p-35579B40-783F-44AD-BBFE-BDBC1DAE0B7C.html,https://www.cjdropshipping.com/product/the-foreign-electronic-pet-machine-virtual-pet-game-machine-new-mini-puzzle-develop-aliexpress-sellers-p-35579B40-783F-44AD-BBFE-BDBC1DAE0B7C.html,ListAdd to My ProductsThe foreign electronic pet machine virtual pet game machine new mini puzzle develop aliexpress sellersLists: 288$1.00-2.00QTY
https://www.cjdropshipping.com/product/hot-sellers-for-both-men-and-women-are-skeleton-skull-lockets-metal-guns-black-chain-pants-jeans-overalls-hip-hop-hipster-accessories-waist-ornaments-p-1581820268031922176.html,https://www.cjdropshipping.com/product/hot-sellers-for-both-men-and-women-are-skeleton-skull-lockets-metal-guns-black-chain-pants-jeans-overalls-hip-hop-hipster-accessories-waist-ornaments-p-1581820268031922176.html,ListAdd to My ProductsHot Sellers For Both Men And Women Are Skeleton Skull Lockets Metal Guns Black Chain Pants Jeans Overalls Hip-hop Hipster Accessories Waist OrnamentsLists: 36$2.60QTY
https://www.cjdropshipping.com/product/best-ghoul--hoodie-p-1859143987480121344.html,https://www.cjdropshipping.com/product/best-ghoul--hoodie-p-1859143987480121344.html,ListAdd to My ProductsBest Ghoul  HoodieLists: 8Free$28.41-30.69QTY
https://www.cjdropshipping.com/product/best-charm-necklace-p-7FAF1CBC-1D57-4059-AA17-7260A03CD7A1.html,https://www.cjdropshipping.com/product/best-charm-necklace-p-7FAF1CBC-1D57-4059-AA17-7260A03CD7A1.html,ListAdd to My ProductsBest Charm NecklaceLists: 159$0.88-0.91QTY
https://www.cjdropshipping.com/product/bridegroom-best-man-suit-p-4466798B-0E0A-4517-94A3-E731B8B71E1B.html,https://www.cjdropshipping.com/product/bridegroom-best-man-suit-p-4466798B-0E0A-4517-94A3-E731B8B71E1B.html,ListAdd to My ProductsBridegroom best man suitLists: 273$44.78QTY
https://www.cjdropshipping.com/product/the-best-bottle-cutter-p-F934C28F-22CD-4544-93E5-FE71A58BCB70.html,https://www.cjdropshipping.com/product/the-best-bottle-cutter-p-F934C28F-22CD-4544-93E5-FE71A58BCB70.html,ListAdd to My ProductsThe Best Bottle CutterLists: 34$16.00-16.48QTY
https://www.cjdropshipping.com/product/best-car-bluetooth-mp3-p-84653405-5507-4F97-B1ED-B5734A7E1DCE.html,https://www.cjdropshipping.com/product/best-car-bluetooth-mp3-p-84653405-5507-4F97-B1ED-B5734A7E1DCE.html,ListAdd to My ProductsBest Car Bluetooth MP3Lists: 178$9.52QTY
https://www.cjdropshipping.com/product/best-friend-sisterhood-keychain-p-588082CF-000B-4B98-85AE-16BE914C3082.html,https://www.cjdropshipping.com/product/best-friend-sisterhood-keychain-p-588082CF-000B-4B98-85AE-16BE914C3082.html,ListAdd to My ProductsBEST FRIEND SISTERHOOD KEYCHAINLists: 91$2.10-4.04QTY
https://www.cjdropshipping.com/product/best-friend-forever-pizza-necklace-p-5165AFA1-38AF-497D-889D-FCD594C12B6B.html,https://www.cjdropshipping.com/product/best-friend-forever-pizza-necklace-p-5165AFA1-38AF-497D-889D-FCD594C12B6B.html,ListAdd to My ProductsBest Friend Forever Pizza NecklaceLists: 50$0.64QTY
https://www.cjdropshipping.com/product/best-friend-braided-heart-bracelet-p-35AF70A8-1C9C-42D2-BE26-7DDA0B60818B.html,https://www.cjdropshipping.com/product/best-friend-braided-heart-bracelet-p-35AF70A8-1C9C-42D2-BE26-7DDA0B60818B.html,ListAdd to My ProductsBest friend braided heart braceletLists: 59$0.74QTY
https://www.cjdropshipping.com/product/suit-vest-best-man-wedding-p-1638723476141912064.html,https://www.cjdropshipping.com/product/suit-vest-best-man-wedding-p-1638723476141912064.html,ListAdd to My ProductsSuit Vest Best Man WeddingLists: 225$8.68-12.54QTY
https://www.cjdropshipping.com/product/best-mom-and-dad-apron-p-2406110818081601800.html,https://www.cjdropshipping.com/product/best-mom-and-dad-apron-p-2406110818081601800.html,ListAdd to My ProductsBest Mom And Dad ApronLists: 22$1.47QTY
https://www.cjdropshipping.com/product/the-best-heated-travel-mug-p-D2CB50FF-F63F-49F9-A194-96D873007F0B.html,https://www.cjdropshipping.com/product/the-best-heated-travel-mug-p-D2CB50FF-F63F-49F9-A194-96D873007F0B.html,ListAdd to My ProductsThe Best Heated Travel MugLists: 161$2.31QTY
https://www.cjdropshipping.com/product/fashionable-best-selling-long-earrings-p-1456823452353826816.html,https://www.cjdropshipping.com/product/fashionable-best-selling-long-earrings-p-1456823452353826816.html,ListAdd to My ProductsFashionable Best Selling Long EarringsLists: 123$0.63QTY
https://www.cjdropshipping.com/product/giftalots-best-selling-charm-bracelet-p-ADE869E4-35B1-4742-B437-85F738D39372.html,https://www.cjdropshipping.com/product/giftalots-best-selling-charm-bracelet-p-ADE869E4-35B1-4742-B437-85F738D39372.html,ListAdd to My ProductsGiftAlots Best Selling Charm BraceletLists: 212$0.89QTY
https://www.cjdropshipping.com/product/womens-best-friend-couple-ring-p-1535551243823886336.html,https://www.cjdropshipping.com/product/womens-best-friend-couple-ring-p-1535551243823886336.html,ListAdd to My ProductsWomen's Best Friend Couple RingLists: 57$7.44QTY
https://www.cjdropshipping.com/product/best-friend-aurora-star-bracelet-p-766396B4-0DF1-49FC-BE3D-5F495A1B9D80.html,https://www.cjdropshipping.com/product/best-friend-aurora-star-bracelet-p-766396B4-0DF1-49FC-BE3D-5F495A1B9D80.html,ListAdd to My ProductsBest friend Aurora Star BraceletLists: 49$0.83QTY
https://www.cjdropshipping.com/product/best-cat-mom-ever-hoodie-p-1859468051084103680.html,https://www.cjdropshipping.com/product/best-cat-mom-ever-hoodie-p-1859468051084103680.html,ListAdd to My ProductsBest Cat Mom Ever HoodieLists: 6Free$28.41-30.69QTY
https://www.cjdropshipping.com/product/cross-border-new-best-ass-award-best-ass-award-creative-resin-decorative-crafts-p-1687732827443441664.html,https://www.cjdropshipping.com/product/cross-border-new-best-ass-award-best-ass-award-creative-resin-decorative-crafts-p-1687732827443441664.html,ListAdd to My ProductsCross-border New Best Ass Award Best Ass Award Creative Resin Decorative CraftsLists: 32$2.59-5.03QTY
https://www.cjdropshipping.com/product/best-rubber-plastic-home-slippers-p-AB6AC1ED-0A64-4898-AB10-CEC1947EAEF5.html,https://www.cjdropshipping.com/product/best-rubber-plastic-home-slippers-p-AB6AC1ED-0A64-4898-AB10-CEC1947EAEF5.html,ListAdd to My ProductsBest Rubber Plastic Home SlippersLists: 54$1.44QTY
https://www.cjdropshipping.com/product/best-selling-new-unicorn-necklace-p-1454264430484393984.html,https://www.cjdropshipping.com/product/best-selling-new-unicorn-necklace-p-1454264430484393984.html,ListAdd to My ProductsBest Selling New Unicorn NecklaceLists: 90$0.62-0.84QTY
https://www.cjdropshipping.com/product/best-friend-blanket-flannel-friendship-gift-p-1443463800949968896.html,https://www.cjdropshipping.com/product/best-friend-blanket-flannel-friendship-gift-p-1443463800949968896.html,ListAdd to My ProductsBest Friend Blanket Flannel Friendship GiftLists: 36$2.53-6.57QTY
https://www.cjdropshipping.com/product/leaves-best-friend-heart-pendant-necklace-p-1646063649477775360.html,https://www.cjdropshipping.com/product/leaves-best-friend-heart-pendant-necklace-p-1646063649477775360.html,ListAdd to My ProductsLeaves Best Friend Heart Pendant NecklaceLists: 32$1.74QTY
https://www.cjdropshipping.com/product/fashion-best-travel-bagpack-laptop-bags-p-35C93260-9E83-4B7F-8624-3724238E0553.html,https://www.cjdropshipping.com/product/fashion-best-travel-bagpack-laptop-bags-p-35C93260-9E83-4B7F-8624-3724238E0553.html,ListAdd to My ProductsFashion Best Travel Bagpack Laptop BagsLists: 412$9.30-10.87QTY
https://www.cjdropshipping.com/product/creative-small-titanium-rings-best-friend-p-1528323200772485120.html,https://www.cjdropshipping.com/product/creative-small-titanium-rings-best-friend-p-1528323200772485120.html,ListAdd to My ProductsCreative Small Titanium Rings Best FriendLists: 50$1.04QTY
https://www.cjdropshipping.com/product/best-friends-heart-to-heart-necklace-p-1407201881914216448.html,https://www.cjdropshipping.com/product/best-friends-heart-to-heart-necklace-p-1407201881914216448.html,ListAdd to My ProductsBest Friends Heart-to-heart NecklaceLists: 47$1.02QTY
https://www.cjdropshipping.com/product/ross-heart-best-friend-pendant-necklace-p-4022DA76-0349-4CFB-A043-623688915369.html,https://www.cjdropshipping.com/product/ross-heart-best-friend-pendant-necklace-p-4022DA76-0349-4CFB-A043-623688915369.html,ListAdd to My ProductsROSS Heart Best friend Pendant NecklaceLists: 65$0.42-1.01QTY
https://www.cjdropshipping.com/product/girls-lantern-sleeve-best-selling-dress-p-1781904294120271872.html,https://www.cjdropshipping.com/product/girls-lantern-sleeve-best-selling-dress-p-1781904294120271872.html,ListAdd to My ProductsGirls' Lantern Sleeve Best-selling DressLists: 35$4.53QTY
https://www.cjdropshipping.com/product/best-friend-printed-short-sleeve-girl-p-1586306113539158016.html,https://www.cjdropshipping.com/product/best-friend-printed-short-sleeve-girl-p-1586306113539158016.html,ListAdd to My ProductsBest Friend Printed Short Sleeve GirlLists: 46$2.07QTY
https://www.cjdropshipping.com/product/best-dad-ever-ceramic-coffee-mug-p-1391745859720450048.html,https://www.cjdropshipping.com/product/best-dad-ever-ceramic-coffee-mug-p-1391745859720450048.html,ListAdd to My ProductsBest Dad Ever Ceramic Coffee MugLists: 155$1.28QTY
https://www.cjdropshipping.com/product/my-best-friend-unisex-t-shirt-p-1771437913675403264.html,https://www.cjdropshipping.com/product/my-best-friend-unisex-t-shirt-p-1771437913675403264.html,ListAdd to My ProductsMy Best Friend Unisex T-shirtLists: 21$2.44QTY
https://www.cjdropshipping.com/product/the-best-way-to-spread-hoodie-p-1859154849393692672.html,https://www.cjdropshipping.com/product/the-best-way-to-spread-hoodie-p-1859154849393692672.html,ListAdd to My ProductsThe Best Way To Spread HoodieLists: 2Free$28.41-30.69QTY
https://www.cjdropshipping.com/product/2024-best-selling-womens-clothes-dress-p-2406150949381620900.html,https://www.cjdropshipping.com/product/2024-best-selling-womens-clothes-dress-p-2406150949381620900.html,ListAdd to My Products2024 Best Selling Women's Clothes DressLists: 36$6.63QTY
https://www.cjdropshipping.com/product/best-friend-right-arrow-hooded-sweater-p-1705098536943095808.html,https://www.cjdropshipping.com/product/best-friend-right-arrow-hooded-sweater-p-1705098536943095808.html,ListAdd to My ProductsBEST FRIEND Right Arrow Hooded SweaterLists: 82$6.97QTY
https://www.cjdropshipping.com/product/best-friend-printed-letter-t-shirt-p-CAD9624C-A18C-4572-A568-BD4C3DB30BB1.html,https://www.cjdropshipping.com/product/best-friend-printed-letter-t-shirt-p-CAD9624C-A18C-4572-A568-BD4C3DB30BB1.html,ListAdd to My ProductsBest friend printed letter T-shirtLists: 18$3.37QTY
https://www.cjdropshipping.com/product/best-selling-check-stitching-hooded-sweater-p-C87B0249-2CF7-4205-B716-21F479B16FBF.html,https://www.cjdropshipping.com/product/best-selling-check-stitching-hooded-sweater-p-C87B0249-2CF7-4205-B716-21F479B16FBF.html,ListAdd to My ProductsBest selling check stitching hooded sweaterLists: 134$6.85QTY
https://www.cjdropshipping.com/product/streamer-yarn-best-selling-dress-robe-p-2410250815351607700.html,https://www.cjdropshipping.com/product/streamer-yarn-best-selling-dress-robe-p-2410250815351607700.html,ListAdd to My ProductsStreamer Yarn Best-selling Dress RobeLists: 24$22.39QTY
https://www.cjdropshipping.com/product/best-selling-patchwork-bow-oversized-dress-p-1517411599177494528.html,https://www.cjdropshipping.com/product/best-selling-patchwork-bow-oversized-dress-p-1517411599177494528.html,ListAdd to My ProductsBest Selling Patchwork Bow Oversized DressLists: 48$8.70QTY
https://www.cjdropshipping.com/product/christmas-best-selling-womens-clothes-sweater-p-1700395766373691392.html,https://www.cjdropshipping.com/product/christmas-best-selling-womens-clothes-sweater-p-1700395766373691392.html,ListAdd to My ProductsChristmas Best Selling Women's Clothes SweaterLists: 119$3.34QTY
https://www.cjdropshipping.com/product/sun-moon-and-star-pendant-set-best-friend-best-friend-friendship-couple-necklace-fashion-jewelry-p-1378913979107250176.html,https://www.cjdropshipping.com/product/sun-moon-and-star-pendant-set-best-friend-best-friend-friendship-couple-necklace-fashion-jewelry-p-1378913979107250176.html,"ListAdd to My ProductsSun, Moon And Star Pendant Set, Best Friend, Best friend, Friendship Couple Necklace, Fashion JewelryLists: 197$0.89QTY"
https://www.cjdropshipping.com/product/best-friends-pendant-necklace-and-keychain-p-5A08B4C7-E3C8-4524-8FB5-B03CCCA6F781.html,https://www.cjdropshipping.com/product/best-friends-pendant-necklace-and-keychain-p-5A08B4C7-E3C8-4524-8FB5-B03CCCA6F781.html,ListAdd to My ProductsBest Friends Pendant Necklace And KeychainLists: 29$0.61QTY
https://www.cjdropshipping.com/product/new-best-friends-necklace-spliced-pendant-p-1388000975859617792.html,https://www.cjdropshipping.com/product/new-best-friends-necklace-spliced-pendant-p-1388000975859617792.html,ListAdd to My ProductsNew Best Friends Necklace Spliced PendantLists: 22$0.78QTY
https://www.cjdropshipping.com/product/best-round-two-color-pet-feeder-p-1585571473874497536.html,https://www.cjdropshipping.com/product/best-round-two-color-pet-feeder-p-1585571473874497536.html,ListAdd to My ProductsBest Round Two-color Pet FeederLists: 112$25.99QTY
https://www.cjdropshipping.com/product/best-friends-diamond-stitching-love-necklace-p-1414043436495015936.html,https://www.cjdropshipping.com/product/best-friends-diamond-stitching-love-necklace-p-1414043436495015936.html,ListAdd to My ProductsBest Friends Diamond Stitching Love NecklaceLists: 32$0.77QTY
https://www.cjdropshipping.com/product/cute-cartoon-best-teacher-stainless-steel-necklace-p-1522476305907339264.html,https://www.cjdropshipping.com/product/cute-cartoon-best-teacher-stainless-steel-necklace-p-1522476305907339264.html,ListAdd to My ProductsCute Cartoon Best Teacher Stainless Steel NecklaceLists: 22$0.67QTY
https://www.cjdropshipping.com/product/good-friend-girlfriends-lettering-best-watch-accessories-p-EC394CC9-9F7D-4B6D-B58B-AED0409B8CE3.html,https://www.cjdropshipping.com/product/good-friend-girlfriends-lettering-best-watch-accessories-p-EC394CC9-9F7D-4B6D-B58B-AED0409B8CE3.html,ListAdd to My ProductsGood friend girlfriends lettering BEST watch accessoriesLists: 32$1.73-1.95QTY
https://www.cjdropshipping.com/product/gold-animal-cow-couple-ring-best-gift-p-2411211117151611600.html,https://www.cjdropshipping.com/product/gold-animal-cow-couple-ring-best-gift-p-2411211117151611600.html,ListAdd to My ProductsGold Animal Cow Couple Ring Best GiftLists: 17$0.96-1.11QTY
https://www.cjdropshipping.com/product/father-and-son-best-friend-for-life-p-1414146598144970752.html,https://www.cjdropshipping.com/product/father-and-son-best-friend-for-life-p-1414146598144970752.html,ListAdd to My ProductsFather And Son Best Friend For LifeLists: 93$2.67QTY
https://www.cjdropshipping.com/product/whitening-teeth-best-teeth-whitening-gel-3ml-p-E60E4E83-F5EB-4681-8912-B3BB7BEB8993.html,https://www.cjdropshipping.com/product/whitening-teeth-best-teeth-whitening-gel-3ml-p-E60E4E83-F5EB-4681-8912-B3BB7BEB8993.html,ListAdd to My ProductsWhitening Teeth Best Teeth Whitening Gel 3mlLists: 143$0.63-3.33QTY
https://www.cjdropshipping.com/product/professional-solid-color-handsome-best-man-suit-p-2412220930151612200.html,https://www.cjdropshipping.com/product/professional-solid-color-handsome-best-man-suit-p-2412220930151612200.html,ListAdd to My ProductsProfessional Solid Color Handsome Best Man SuitLists: 50$39.14QTY
https://www.cjdropshipping.com/product/best-selling-nail-beauty-brush-full-set-p-1731606112140529664.html,https://www.cjdropshipping.com/product/best-selling-nail-beauty-brush-full-set-p-1731606112140529664.html,ListAdd to My ProductsBest-selling Nail Beauty Brush Full SetLists: 39$0.62QTY
https://www.cjdropshipping.com/product/glass-beach-pocket-heart-shaped-best-gift-p-1707288330146160640.html,https://www.cjdropshipping.com/product/glass-beach-pocket-heart-shaped-best-gift-p-1707288330146160640.html,ListAdd to My ProductsGlass Beach Pocket Heart-shaped Best GiftLists: 17$1.26QTY
https://www.cjdropshipping.com/product/mens-three-piece-suit-wedding-best-man-p-1727889615400476672.html,https://www.cjdropshipping.com/product/mens-three-piece-suit-wedding-best-man-p-1727889615400476672.html,ListAdd to My ProductsMen's Three-piece Suit Wedding Best ManLists: 193$35.75-43.12QTY
https://www.cjdropshipping.com/product/best-3-piece-bracelet-set-holiday-gifts-p-2504280627021606800.html,https://www.cjdropshipping.com/product/best-3-piece-bracelet-set-holiday-gifts-p-2504280627021606800.html,ListAdd to My ProductsBest 3-Piece Bracelet Set Holiday GiftsLists: 3POD$3.47-3.93QTY
https://www.cjdropshipping.com/product/best-buds-two-petal-stitching-love-necklace-p-1501847755923402752.html,https://www.cjdropshipping.com/product/best-buds-two-petal-stitching-love-necklace-p-1501847755923402752.html,ListAdd to My ProductsBest BUDS Two Petal Stitching Love NecklaceLists: 30$0.77QTY
https://www.cjdropshipping.com/product/best-selling-european-and-american-print-dresses-p-1535207610083979264.html,https://www.cjdropshipping.com/product/best-selling-european-and-american-print-dresses-p-1535207610083979264.html,ListAdd to My ProductsBest Selling European And American Print DressesLists: 104$7.59QTY
https://www.cjdropshipping.com/product/womens-multicolor-kitten-couples-best-friend-bracelet-p-1547887329354985472.html,https://www.cjdropshipping.com/product/womens-multicolor-kitten-couples-best-friend-bracelet-p-1547887329354985472.html,ListAdd to My ProductsWomen's Multicolor Kitten Couple's Best Friend BraceletLists: 35$0.57QTY