title,price,sell_vol,link
Steampunk Mobile Phone Bag Role Play Costume Accessories,9.61,Lists: 54,"https://cf.cjdropshipping.com/quick/product/3bcf75c0-d370-47cc-bfaa-23938d33fc07.jpg?x-oss-process=image/format,webp,image/resize,m_fill,m_pad,w_250,h_250"
Mobile Phone Holder Strong Light Flashlight Road Cycling Accessories,4.98-5.51,Lists: 229,"https://cc-west-usa.oss-accelerate.aliyuncs.com/1620446192200.jpg?x-oss-process=image/format,webp,image/resize,m_fill,m_pad,w_250,h_250"
360 Rotatable Phone Mount Holder Car Dashboard Gravity Adjustable GPS Stand Rotating Car Phone Holder Universal Dashboard Mount Car Holder GPS Phone Stands Auto Accessories Car Phone Holder,12.98,Lists: 1582,"https://cc-west-usa.oss-accelerate.aliyuncs.com/f2d6a390-c99f-4f3e-8a6c-c2fa2c47ed74.jpg?x-oss-process=image/format,webp,image/resize,m_fill,m_pad,w_250,h_250"
"Compatible with Apple, Mobile phone PTZ Mobile tripod handheld stabilizer fixed photography accessories",4.13,Lists: 78,"https://cc-west-usa.oss-accelerate.aliyuncs.com/15570720/180325109104.jpg?x-oss-process=image/format,webp,image/resize,m_fill,m_pad,w_250,h_250"
Creative Beaded Pendant Ornaments Portable Chain Wrist Strap Short Lanyard Mobile Phone Lanyard Keychain Accessories,0.72,Lists: 5,"https://cf.cjdropshipping.com/quick/product/c4e9d6b5-1588-4091-bbd4-b89f47cf60e5.jpg?x-oss-process=image/format,webp,image/resize,m_fill,m_pad,w_250,h_250"
Foldable Mobile Phone Holder Ring Buckle Retractable Desktop CellPhone Stand Car Magnetic Bracket Office Accessories,1.29-1.79,Lists: 1389,"https://cc-west-usa.oss-accelerate.aliyuncs.com/78c173c2-7c8b-4a8c-9af9-d33d4da8c8e1.jpg?x-oss-process=image/format,webp,image/resize,m_fill,m_pad,w_250,h_250"
For Magsafe Magnetic Luxury Leather Card Holder Wallet Case For 14 Pro Max 13 12 Phone Bag Adsorption Accessories Cover,1.36-2.75,Lists: 5803,https://frontend-cf.cjdropshipping.com/config-resource/cj/img_default.jpeg
Phone watch,20.60-33.22,Lists: 282,https://frontend-cf.cjdropshipping.com/config-resource/cj/img_default.jpeg
Smart Phone Watch Multi-function Positioning Function Mobile Phone,6.56-16.92,Lists: 133,https://frontend-cf.cjdropshipping.com/config-resource/cj/img_default.jpeg
Elderly Phone Watch GPS Positioning Anti-lost Old Smart Watch Anti-falling Alarm Heart Rate And Blood Pressure,39.80,Lists: 250,https://frontend-cf.cjdropshipping.com/config-resource/cj/img_default.jpeg
DS18 Smart Child Positioning Phone Watch,15.84,Lists: 86,https://frontend-cf.cjdropshipping.com/config-resource/cj/img_default.jpeg
Rubber Watch Strap 202224mm Smart Quick Release,1.09-1.26,Lists: 14,https://frontend-cf.cjdropshipping.com/config-resource/cj/img_default.jpeg
Nylon Watchband Watch Accessories Men,5.80-27.86,Lists: 65,https://frontend-cf.cjdropshipping.com/config-resource/cj/img_default.jpeg
Car phone holder,3.50-4.51,Lists: 78,https://frontend-cf.cjdropshipping.com/config-resource/cj/img_default.jpeg
Two-color Smart Watch Silicone Band 20 22mm,0.90,Lists: 8,https://frontend-cf.cjdropshipping.com/config-resource/cj/img_default.jpeg
Smart Watch Smart Bracelet Sports Heart Rate,19.90,Lists: 418,https://frontend-cf.cjdropshipping.com/config-resource/cj/img_default.jpeg
Voice Smart Bluetooth Accessible Phone Warning Light Helmet,21.92,Lists: 2,https://frontend-cf.cjdropshipping.com/config-resource/cj/img_default.jpeg
Wireless WiFi Smart Camera Hd Monitor Cell Phone,5.31-18.80,Lists: 29,https://frontend-cf.cjdropshipping.com/config-resource/cj/img_default.jpeg
Bluetooth-compatible Smart Pager Mini Device Anti-lost Device,6.63-8.78,Lists: 501,https://frontend-cf.cjdropshipping.com/config-resource/cj/img_default.jpeg
Mobile phone bracket package,5.66-7.90,Lists: 268,https://frontend-cf.cjdropshipping.com/config-resource/cj/img_default.jpeg
H10 Multi-function Dual Camera Sports Smart Phone Watch,44.43-47.76,Lists: 171,https://frontend-cf.cjdropshipping.com/config-resource/cj/img_default.jpeg
DF99 Chinese And English Smart Phone Watch Waterproof HD,34.00,Lists: 85,https://frontend-cf.cjdropshipping.com/config-resource/cj/img_default.jpeg
Smart sports bracelet,18.15,Lists: 274,https://frontend-cf.cjdropshipping.com/config-resource/cj/img_default.jpeg
V19 smart bracelet,21.98,Lists: 134,https://frontend-cf.cjdropshipping.com/config-resource/cj/img_default.jpeg
Aluminum Alloy Rotating Bicycle Phone Holder,4.40,Lists: 20,https://frontend-cf.cjdropshipping.com/config-resource/cj/img_default.jpeg
Electric motorcycle mobile phone bracket,1.59,Lists: 39,https://frontend-cf.cjdropshipping.com/config-resource/cj/img_default.jpeg
S20 sleep smart bracelet,16.18,Lists: 90,https://frontend-cf.cjdropshipping.com/config-resource/cj/img_default.jpeg
Smart Bluetooth electronic watch,10.78-11.84,Lists: 1418,https://frontend-cf.cjdropshipping.com/config-resource/cj/img_default.jpeg
LEMFO Y99 Children's Watch 4G English Waterproof GPS Positioning Plug-In Cartoon Phone,35.09,Lists: 37,https://frontend-cf.cjdropshipping.com/config-resource/cj/img_default.jpeg
Smart Writing Mobile Phone Paper Screen Synchronous Notebook Multi-function,7.96-49.42,Lists: 7,https://frontend-cf.cjdropshipping.com/config-resource/cj/img_default.jpeg
Smart Bracelet Fitness Tracker  Waterproof Heart Rate Blood Pressure Fitness Bracelet Smart Watch,4.85-24.25,Lists: 1459,https://frontend-cf.cjdropshipping.com/config-resource/cj/img_default.jpeg
CYKE new smart sports bracelet,12.78,Lists: 47,https://frontend-cf.cjdropshipping.com/config-resource/cj/img_default.jpeg
Universal Mount Cell Phone Clipper Holder,2.13,Lists: 138,https://frontend-cf.cjdropshipping.com/config-resource/cj/img_default.jpeg
Watch3 Smart Bluetooth Call Astronaut,20.61,Lists: 87,https://frontend-cf.cjdropshipping.com/config-resource/cj/img_default.jpeg
ECG Monitoring Sports Smart Watch,30.11-38.17,Lists: 154,https://frontend-cf.cjdropshipping.com/config-resource/cj/img_default.jpeg
"Compatible , Smart Color Screen Bracelet",2.28,Lists: 86,https://frontend-cf.cjdropshipping.com/config-resource/cj/img_default.jpeg
Foldable Magnetic Vacuum Car Phone Holder Foldable Suction Cup With Suction Cup Hands-Free Navigation For Smart Phone,4.70-9.40,Lists: 3193,https://frontend-cf.cjdropshipping.com/config-resource/cj/img_default.jpeg
F64 Smart Bracelet Sports Bluetooth Watch,8.84,Lists: 138,https://frontend-cf.cjdropshipping.com/config-resource/cj/img_default.jpeg
Full Circle Screen  Card Sedentary Sleep Monitoring Watch,7.17-9.12,Lists: 1067,https://frontend-cf.cjdropshipping.com/config-resource/cj/img_default.jpeg
Smart Watch Bluetooth Call Information Reminder,10.24-18.46,Lists: 1331,https://frontend-cf.cjdropshipping.com/config-resource/cj/img_default.jpeg
Smart Watches Are Fashionable And Casual,1.74-2.27,Lists: 534,https://frontend-cf.cjdropshipping.com/config-resource/cj/img_default.jpeg
Live Ring LED Mobile Phone Fill Light,41.01,Lists: 178,https://frontend-cf.cjdropshipping.com/config-resource/cj/img_default.jpeg
T1 Color Screen Smart Bluetooth Sports Bracelet,16.70,Lists: 49,"https://cf.cjdropshipping.com/3e5b5528-3768-4dec-9312-a09e2fbbe7e6.jpg?x-oss-process=image/format,webp,image/resize,m_fill,m_pad,w_250,h_250"
DM12 Fashion Big Screen Sports Smart Watch,29.82,Lists: 137,"https://cc-west-usa.oss-accelerate.aliyuncs.com/20210107/2593736427510.jpg?x-oss-process=image/format,webp,image/resize,m_fill,m_pad,w_250,h_250"
Compatible With    R5 PRO Smart Wrist Band Heart Rate Blood Pressure Oxygen Oximeter Sport Bracelet Smart Watch For,9.92,Lists: 190,"https://cf.cjdropshipping.com/1532574956656-QQ%E6%88%AA%E5%9B%BE20180723092106.jpg?x-oss-process=image/format,webp,image/resize,m_fill,m_pad,w_250,h_250"
Children's Smart Phone Watch Can Take Pictures And Locate 1.44 HD Screen,8.95,Lists: 89,"https://cc-west-usa.oss-accelerate.aliyuncs.com/1619580810544.jpg?x-oss-process=image/format,webp,image/resize,m_fill,m_pad,w_250,h_250"
Led Smart Bluetooth Bulb Light Mobile Phone Dimming Color Music Group Control,3.75-4.31,Lists: 136,"https://cc-west-usa.cjdropshipping.com/1620184855713.jpg?x-oss-process=image/format,webp,image/resize,m_fill,m_pad,w_250,h_250"
Q9 Pro Smart Bracelet Multi-function Watch,9.78-11.03,Lists: 2426,"https://cf.cjdropshipping.com/b4cd8807-acc9-48e6-8b4a-d5ecff9857d9.jpg?x-oss-process=image/format,webp,image/resize,m_fill,m_pad,w_250,h_250"
Compatible with A6 color screen smart bracelet,5.54-5.71,Lists: 106,"https://cc-west-usa.oss-accelerate.aliyuncs.com/20190831/2715636388803.png?x-oss-process=image/format,webp,image/resize,m_fill,m_pad,w_250,h_250"
Bluetooth Calling Smart Watch HD Large Screen,5.20-10.40,Lists: 40,"https://oss-cf.cjdropshipping.com/product/2025/05/28/01/90189985-9fe8-4f81-9784-c5d5860e2a1e.jpg?x-oss-process=image/format,webp,image/resize,m_fill,m_pad,w_250,h_250"
Vibration Alarm Clock Smart Waterproof Electronic Watch,12.00-15.11,Lists: 135,"https://cf.cjdropshipping.com/quick/product/3c73a4eb-ba89-4b84-93d4-2ee8f5e48242.jpg?x-oss-process=image/format,webp,image/resize,m_fill,m_pad,w_250,h_250"
"Compatible With , Smart Bracelet Heart Rate And Blood Pressure Exercise Meter Step Information Push Smart Reminder Color Bracelet",1.93,Lists: 3269,"https://cf.cjdropshipping.com/15420384/2149183455145.jpg?x-oss-process=image/format,webp,image/resize,m_fill,m_pad,w_250,h_250"
4 In 1 Magnetic Wireless Charger Fast Charging For Smart Phone Atmosphere Light Charging Station For Airpods Pro I-phone Watch,12.37,Lists: 12675,"https://cf.cjdropshipping.com/65622623-63e9-4ecb-8dd1-792208f766ec.jpg?x-oss-process=image/format,webp,image/resize,m_fill,m_pad,w_250,h_250"
CT62 Portable Multifunctional Mobile Phone Camera Stand Photography,35.44,Lists: 230,"https://cf.cjdropshipping.com/8192caa4-2ac9-40fe-b792-4987db5d9d9a.jpg?x-oss-process=image/format,webp,image/resize,m_fill,m_pad,w_250,h_250"
ErgonomicWired Gaming Keyboard with RGB Backlight Phone Holder,10.17-14.63,Lists: 2336,"https://cf.cjdropshipping.com/15728832/1489718421384.jpg?x-oss-process=image/format,webp,image/resize,m_fill,m_pad,w_250,h_250"
Smart Watch Photo Information Push Support Multi-language,10.68-10.98,Lists: 115,"https://oss-cf.cjdropshipping.com/product/2024/06/05/09/a60756ac-9724-4849-b603-7dc680b0a679.jpg?x-oss-process=image/format,webp,image/resize,m_fill,m_pad,w_250,h_250"
Watch Card Positioning Boy Girl Student Smart Watch,6.59,Lists: 147,"https://cc-west-usa.oss-accelerate.aliyuncs.com/e7906f2d-000a-4eaf-8b55-31df5049f611.jpg?x-oss-process=image/format,webp,image/resize,m_fill,m_pad,w_250,h_250"
The New Smart Watch Wireless Charging ECG Monitoring,33.87-40.81,Lists: 340,"https://cf.cjdropshipping.com/024e0322-7ff7-4513-bbbd-d0c07baedebd.jpg?x-oss-process=image/format,webp,image/resize,m_fill,m_pad,w_250,h_250"
Smart Watch ZX18 1.57 Inch Sports Watch Gift,18.74,Lists: 210,"https://cc-west-usa.oss-accelerate.aliyuncs.com/b6e3331d-dd4b-4b15-9db2-f2e5ca4bd2de.jpg?x-oss-process=image/format,webp,image/resize,m_fill,m_pad,w_250,h_250"
116PLUS Smart Bracelet Heart Rate Pedometer Sports Color Screen,3.40,Lists: 68,"https://cc-west-usa.oss-accelerate.aliyuncs.com/1620442074813.jpg?x-oss-process=image/format,webp,image/resize,m_fill,m_pad,w_250,h_250"
Steampunk Mobile Phone Bag Role Play Costume Accessories,9.61,Lists: 54,"https://cf.cjdropshipping.com/quick/product/3bcf75c0-d370-47cc-bfaa-23938d33fc07.jpg?x-oss-process=image/format,webp,image/resize,m_fill,m_pad,w_250,h_250"
Mobile Phone Holder Strong Light Flashlight Road Cycling Accessories,4.98-5.51,Lists: 229,"https://cc-west-usa.oss-accelerate.aliyuncs.com/1620446192200.jpg?x-oss-process=image/format,webp,image/resize,m_fill,m_pad,w_250,h_250"
360 Rotatable Phone Mount Holder Car Dashboard Gravity Adjustable GPS Stand Rotating Car Phone Holder Universal Dashboard Mount Car Holder GPS Phone Stands Auto Accessories Car Phone Holder,12.98,Lists: 1582,"https://cc-west-usa.oss-accelerate.aliyuncs.com/f2d6a390-c99f-4f3e-8a6c-c2fa2c47ed74.jpg?x-oss-process=image/format,webp,image/resize,m_fill,m_pad,w_250,h_250"
"Compatible with Apple, Mobile phone PTZ Mobile tripod handheld stabilizer fixed photography accessories",4.13,Lists: 78,"https://cc-west-usa.oss-accelerate.aliyuncs.com/15570720/180325109104.jpg?x-oss-process=image/format,webp,image/resize,m_fill,m_pad,w_250,h_250"
Creative Beaded Pendant Ornaments Portable Chain Wrist Strap Short Lanyard Mobile Phone Lanyard Keychain Accessories,0.72,Lists: 5,"https://cf.cjdropshipping.com/quick/product/c4e9d6b5-1588-4091-bbd4-b89f47cf60e5.jpg?x-oss-process=image/format,webp,image/resize,m_fill,m_pad,w_250,h_250"
Foldable Mobile Phone Holder Ring Buckle Retractable Desktop CellPhone Stand Car Magnetic Bracket Office Accessories,1.29-1.79,Lists: 1389,"https://cc-west-usa.oss-accelerate.aliyuncs.com/78c173c2-7c8b-4a8c-9af9-d33d4da8c8e1.jpg?x-oss-process=image/format,webp,image/resize,m_fill,m_pad,w_250,h_250"
For Magsafe Magnetic Luxury Leather Card Holder Wallet Case For 14 Pro Max 13 12 Phone Bag Adsorption Accessories Cover,1.36-2.75,Lists: 5803,https://frontend-cf.cjdropshipping.com/config-resource/cj/img_default.jpeg
Phone watch,20.60-33.22,Lists: 282,https://frontend-cf.cjdropshipping.com/config-resource/cj/img_default.jpeg
Smart Phone Watch Multi-function Positioning Function Mobile Phone,6.56-16.92,Lists: 133,https://frontend-cf.cjdropshipping.com/config-resource/cj/img_default.jpeg
Elderly Phone Watch GPS Positioning Anti-lost Old Smart Watch Anti-falling Alarm Heart Rate And Blood Pressure,39.80,Lists: 250,https://frontend-cf.cjdropshipping.com/config-resource/cj/img_default.jpeg
DS18 Smart Child Positioning Phone Watch,15.84,Lists: 86,https://frontend-cf.cjdropshipping.com/config-resource/cj/img_default.jpeg
Rubber Watch Strap 202224mm Smart Quick Release,1.09-1.26,Lists: 14,https://frontend-cf.cjdropshipping.com/config-resource/cj/img_default.jpeg
Nylon Watchband Watch Accessories Men,5.80-27.86,Lists: 65,https://frontend-cf.cjdropshipping.com/config-resource/cj/img_default.jpeg
Car phone holder,3.50-4.51,Lists: 78,https://frontend-cf.cjdropshipping.com/config-resource/cj/img_default.jpeg
Two-color Smart Watch Silicone Band 20 22mm,0.90,Lists: 8,https://frontend-cf.cjdropshipping.com/config-resource/cj/img_default.jpeg
Smart Watch Smart Bracelet Sports Heart Rate,19.90,Lists: 418,https://frontend-cf.cjdropshipping.com/config-resource/cj/img_default.jpeg
Voice Smart Bluetooth Accessible Phone Warning Light Helmet,21.92,Lists: 2,https://frontend-cf.cjdropshipping.com/config-resource/cj/img_default.jpeg
Wireless WiFi Smart Camera Hd Monitor Cell Phone,5.31-18.80,Lists: 29,https://frontend-cf.cjdropshipping.com/config-resource/cj/img_default.jpeg
Bluetooth-compatible Smart Pager Mini Device Anti-lost Device,6.63-8.78,Lists: 501,https://frontend-cf.cjdropshipping.com/config-resource/cj/img_default.jpeg
Mobile phone bracket package,5.66-7.90,Lists: 268,https://frontend-cf.cjdropshipping.com/config-resource/cj/img_default.jpeg
H10 Multi-function Dual Camera Sports Smart Phone Watch,44.43-47.76,Lists: 171,https://frontend-cf.cjdropshipping.com/config-resource/cj/img_default.jpeg
DF99 Chinese And English Smart Phone Watch Waterproof HD,34.00,Lists: 85,https://frontend-cf.cjdropshipping.com/config-resource/cj/img_default.jpeg
Smart sports bracelet,18.15,Lists: 274,https://frontend-cf.cjdropshipping.com/config-resource/cj/img_default.jpeg
V19 smart bracelet,21.98,Lists: 134,https://frontend-cf.cjdropshipping.com/config-resource/cj/img_default.jpeg
Aluminum Alloy Rotating Bicycle Phone Holder,4.40,Lists: 20,https://frontend-cf.cjdropshipping.com/config-resource/cj/img_default.jpeg
Electric motorcycle mobile phone bracket,1.59,Lists: 39,https://frontend-cf.cjdropshipping.com/config-resource/cj/img_default.jpeg
S20 sleep smart bracelet,16.18,Lists: 90,https://frontend-cf.cjdropshipping.com/config-resource/cj/img_default.jpeg
Smart Bluetooth electronic watch,10.78-11.84,Lists: 1418,https://frontend-cf.cjdropshipping.com/config-resource/cj/img_default.jpeg
LEMFO Y99 Children's Watch 4G English Waterproof GPS Positioning Plug-In Cartoon Phone,35.09,Lists: 37,https://frontend-cf.cjdropshipping.com/config-resource/cj/img_default.jpeg
Smart Writing Mobile Phone Paper Screen Synchronous Notebook Multi-function,7.96-49.42,Lists: 7,https://frontend-cf.cjdropshipping.com/config-resource/cj/img_default.jpeg
Smart Bracelet Fitness Tracker  Waterproof Heart Rate Blood Pressure Fitness Bracelet Smart Watch,4.85-24.25,Lists: 1459,https://frontend-cf.cjdropshipping.com/config-resource/cj/img_default.jpeg
CYKE new smart sports bracelet,12.78,Lists: 47,https://frontend-cf.cjdropshipping.com/config-resource/cj/img_default.jpeg
Universal Mount Cell Phone Clipper Holder,2.13,Lists: 138,https://frontend-cf.cjdropshipping.com/config-resource/cj/img_default.jpeg
Watch3 Smart Bluetooth Call Astronaut,20.61,Lists: 87,https://frontend-cf.cjdropshipping.com/config-resource/cj/img_default.jpeg
ECG Monitoring Sports Smart Watch,30.11-38.17,Lists: 154,https://frontend-cf.cjdropshipping.com/config-resource/cj/img_default.jpeg
"Compatible , Smart Color Screen Bracelet",2.28,Lists: 86,https://frontend-cf.cjdropshipping.com/config-resource/cj/img_default.jpeg
Foldable Magnetic Vacuum Car Phone Holder Foldable Suction Cup With Suction Cup Hands-Free Navigation For Smart Phone,4.70-9.40,Lists: 3193,https://frontend-cf.cjdropshipping.com/config-resource/cj/img_default.jpeg
F64 Smart Bracelet Sports Bluetooth Watch,8.84,Lists: 138,https://frontend-cf.cjdropshipping.com/config-resource/cj/img_default.jpeg
Full Circle Screen  Card Sedentary Sleep Monitoring Watch,7.17-9.12,Lists: 1067,https://frontend-cf.cjdropshipping.com/config-resource/cj/img_default.jpeg
Smart Watch Bluetooth Call Information Reminder,10.24-18.46,Lists: 1331,https://frontend-cf.cjdropshipping.com/config-resource/cj/img_default.jpeg
Smart Watches Are Fashionable And Casual,1.74-2.27,Lists: 534,https://frontend-cf.cjdropshipping.com/config-resource/cj/img_default.jpeg
Live Ring LED Mobile Phone Fill Light,41.01,Lists: 178,https://frontend-cf.cjdropshipping.com/config-resource/cj/img_default.jpeg
T1 Color Screen Smart Bluetooth Sports Bracelet,16.70,Lists: 49,"https://cf.cjdropshipping.com/3e5b5528-3768-4dec-9312-a09e2fbbe7e6.jpg?x-oss-process=image/format,webp,image/resize,m_fill,m_pad,w_250,h_250"
DM12 Fashion Big Screen Sports Smart Watch,29.82,Lists: 137,"https://cc-west-usa.oss-accelerate.aliyuncs.com/20210107/2593736427510.jpg?x-oss-process=image/format,webp,image/resize,m_fill,m_pad,w_250,h_250"
Compatible With    R5 PRO Smart Wrist Band Heart Rate Blood Pressure Oxygen Oximeter Sport Bracelet Smart Watch For,9.92,Lists: 190,"https://cf.cjdropshipping.com/1532574956656-QQ%E6%88%AA%E5%9B%BE20180723092106.jpg?x-oss-process=image/format,webp,image/resize,m_fill,m_pad,w_250,h_250"
Children's Smart Phone Watch Can Take Pictures And Locate 1.44 HD Screen,8.95,Lists: 89,"https://cc-west-usa.oss-accelerate.aliyuncs.com/1619580810544.jpg?x-oss-process=image/format,webp,image/resize,m_fill,m_pad,w_250,h_250"
Led Smart Bluetooth Bulb Light Mobile Phone Dimming Color Music Group Control,3.75-4.31,Lists: 136,"https://cc-west-usa.cjdropshipping.com/1620184855713.jpg?x-oss-process=image/format,webp,image/resize,m_fill,m_pad,w_250,h_250"
Q9 Pro Smart Bracelet Multi-function Watch,9.78-11.03,Lists: 2426,"https://cf.cjdropshipping.com/b4cd8807-acc9-48e6-8b4a-d5ecff9857d9.jpg?x-oss-process=image/format,webp,image/resize,m_fill,m_pad,w_250,h_250"
Compatible with A6 color screen smart bracelet,5.54-5.71,Lists: 106,"https://cc-west-usa.oss-accelerate.aliyuncs.com/20190831/2715636388803.png?x-oss-process=image/format,webp,image/resize,m_fill,m_pad,w_250,h_250"
Bluetooth Calling Smart Watch HD Large Screen,5.20-10.40,Lists: 40,"https://oss-cf.cjdropshipping.com/product/2025/05/28/01/90189985-9fe8-4f81-9784-c5d5860e2a1e.jpg?x-oss-process=image/format,webp,image/resize,m_fill,m_pad,w_250,h_250"
Vibration Alarm Clock Smart Waterproof Electronic Watch,12.00-15.11,Lists: 135,"https://cf.cjdropshipping.com/quick/product/3c73a4eb-ba89-4b84-93d4-2ee8f5e48242.jpg?x-oss-process=image/format,webp,image/resize,m_fill,m_pad,w_250,h_250"
"Compatible With , Smart Bracelet Heart Rate And Blood Pressure Exercise Meter Step Information Push Smart Reminder Color Bracelet",1.93,Lists: 3269,"https://cf.cjdropshipping.com/15420384/2149183455145.jpg?x-oss-process=image/format,webp,image/resize,m_fill,m_pad,w_250,h_250"
4 In 1 Magnetic Wireless Charger Fast Charging For Smart Phone Atmosphere Light Charging Station For Airpods Pro I-phone Watch,12.37,Lists: 12675,"https://cf.cjdropshipping.com/65622623-63e9-4ecb-8dd1-792208f766ec.jpg?x-oss-process=image/format,webp,image/resize,m_fill,m_pad,w_250,h_250"
CT62 Portable Multifunctional Mobile Phone Camera Stand Photography,35.44,Lists: 230,"https://cf.cjdropshipping.com/8192caa4-2ac9-40fe-b792-4987db5d9d9a.jpg?x-oss-process=image/format,webp,image/resize,m_fill,m_pad,w_250,h_250"
ErgonomicWired Gaming Keyboard with RGB Backlight Phone Holder,10.17-14.63,Lists: 2336,"https://cf.cjdropshipping.com/15728832/1489718421384.jpg?x-oss-process=image/format,webp,image/resize,m_fill,m_pad,w_250,h_250"
Smart Watch Photo Information Push Support Multi-language,10.68-10.98,Lists: 115,"https://oss-cf.cjdropshipping.com/product/2024/06/05/09/a60756ac-9724-4849-b603-7dc680b0a679.jpg?x-oss-process=image/format,webp,image/resize,m_fill,m_pad,w_250,h_250"
Watch Card Positioning Boy Girl Student Smart Watch,6.59,Lists: 147,"https://cc-west-usa.oss-accelerate.aliyuncs.com/e7906f2d-000a-4eaf-8b55-31df5049f611.jpg?x-oss-process=image/format,webp,image/resize,m_fill,m_pad,w_250,h_250"
The New Smart Watch Wireless Charging ECG Monitoring,33.87-40.81,Lists: 340,"https://cf.cjdropshipping.com/024e0322-7ff7-4513-bbbd-d0c07baedebd.jpg?x-oss-process=image/format,webp,image/resize,m_fill,m_pad,w_250,h_250"
Smart Watch ZX18 1.57 Inch Sports Watch Gift,18.74,Lists: 210,"https://cc-west-usa.oss-accelerate.aliyuncs.com/b6e3331d-dd4b-4b15-9db2-f2e5ca4bd2de.jpg?x-oss-process=image/format,webp,image/resize,m_fill,m_pad,w_250,h_250"
116PLUS Smart Bracelet Heart Rate Pedometer Sports Color Screen,3.40,Lists: 68,"https://cc-west-usa.oss-accelerate.aliyuncs.com/1620442074813.jpg?x-oss-process=image/format,webp,image/resize,m_fill,m_pad,w_250,h_250"
"Cat Strip Feeder, Cat Strip Happy Spoon, Cat Wet Food Spoon Portable Cat Feeding Spoon Reuseable Cat Strip Spoon Lickable Pet Feeder Spoon Pets Cat Food Accessories, Cat Strip Squeeze Spoon",6.42-7.34,Lists: 280,"https://cc-west-usa.oss-us-west-1.aliyuncs.com/4358861a-0a3c-40f9-89ca-73f70b5d21ca.jpg?x-oss-process=image/format,webp,image/resize,m_fill,m_pad,w_250,h_250"
"Cat Hair Brush With Water, Sticky Brush For Cats, 4 In-1 Cat Grooming Brush Creative Update Cat Dog Grooming Comb With Water Tank Double-Sided Hair Removal Brush Kitten Pet Supplies Accessories",7.68-9.98,Lists: 1211,"https://cc-west-usa.oss-us-west-1.aliyuncs.com/17199648/1808309710328434688.jpg?x-oss-process=image/format,webp,image/resize,m_fill,m_pad,w_250,h_250"
"Cat Strip Feeder, Cat Strip Happy Spoon, Cat Wet Food Spoon Portable Cat Feeding Spoon Reuseable Cat Strip Spoon Lickable Pet Feeder Spoon Pets Cat Food Accessories, Cat Strip Squeeze Spoon",6.42-7.34,Lists: 280,"https://cc-west-usa.oss-us-west-1.aliyuncs.com/4358861a-0a3c-40f9-89ca-73f70b5d21ca.jpg?x-oss-process=image/format,webp,image/resize,m_fill,m_pad,w_250,h_250"
"Cat Hair Brush With Water, Sticky Brush For Cats, 4 In-1 Cat Grooming Brush Creative Update Cat Dog Grooming Comb With Water Tank Double-Sided Hair Removal Brush Kitten Pet Supplies Accessories",7.68-9.98,Lists: 1211,"https://cc-west-usa.oss-us-west-1.aliyuncs.com/17199648/1808309710328434688.jpg?x-oss-process=image/format,webp,image/resize,m_fill,m_pad,w_250,h_250"
"Cat Strip Feeder, Cat Strip Happy Spoon, Cat Wet Food Spoon Portable Cat Feeding Spoon Reuseable Cat Strip Spoon Lickable Pet Feeder Spoon Pets Cat Food Accessories, Cat Strip Squeeze Spoon",6.42-7.34,Lists: 280,"https://cc-west-usa.oss-us-west-1.aliyuncs.com/4358861a-0a3c-40f9-89ca-73f70b5d21ca.jpg?x-oss-process=image/format,webp,image/resize,m_fill,m_pad,w_250,h_250"
"Cat Hair Brush With Water, Sticky Brush For Cats, 4 In-1 Cat Grooming Brush Creative Update Cat Dog Grooming Comb With Water Tank Double-Sided Hair Removal Brush Kitten Pet Supplies Accessories",7.68-9.98,Lists: 1211,"https://cc-west-usa.oss-us-west-1.aliyuncs.com/17199648/1808309710328434688.jpg?x-oss-process=image/format,webp,image/resize,m_fill,m_pad,w_250,h_250"
"Cat Strip Feeder, Cat Strip Happy Spoon, Cat Wet Food Spoon Portable Cat Feeding Spoon Reuseable Cat Strip Spoon Lickable Pet Feeder Spoon Pets Cat Food Accessories, Cat Strip Squeeze Spoon",6.42-7.34,Lists: 280,"https://cc-west-usa.oss-us-west-1.aliyuncs.com/4358861a-0a3c-40f9-89ca-73f70b5d21ca.jpg?x-oss-process=image/format,webp,image/resize,m_fill,m_pad,w_250,h_250"
"Cat Hair Brush With Water, Sticky Brush For Cats, 4 In-1 Cat Grooming Brush Creative Update Cat Dog Grooming Comb With Water Tank Double-Sided Hair Removal Brush Kitten Pet Supplies Accessories",7.68-9.98,Lists: 1211,"https://cc-west-usa.oss-us-west-1.aliyuncs.com/17199648/1808309710328434688.jpg?x-oss-process=image/format,webp,image/resize,m_fill,m_pad,w_250,h_250"
"Cat Strip Feeder, Cat Strip Happy Spoon, Cat Wet Food Spoon Portable Cat Feeding Spoon Reuseable Cat Strip Spoon Lickable Pet Feeder Spoon Pets Cat Food Accessories, Cat Strip Squeeze Spoon",6.42-7.34,Lists: 280,"https://cc-west-usa.oss-us-west-1.aliyuncs.com/4358861a-0a3c-40f9-89ca-73f70b5d21ca.jpg?x-oss-process=image/format,webp,image/resize,m_fill,m_pad,w_250,h_250"
"Cat Hair Brush With Water, Sticky Brush For Cats, 4 In-1 Cat Grooming Brush Creative Update Cat Dog Grooming Comb With Water Tank Double-Sided Hair Removal Brush Kitten Pet Supplies Accessories",7.68-9.98,Lists: 1211,"https://cc-west-usa.oss-us-west-1.aliyuncs.com/17199648/1808309710328434688.jpg?x-oss-process=image/format,webp,image/resize,m_fill,m_pad,w_250,h_250"
"Cat Strip Feeder, Cat Strip Happy Spoon, Cat Wet Food Spoon Portable Cat Feeding Spoon Reuseable Cat Strip Spoon Lickable Pet Feeder Spoon Pets Cat Food Accessories, Cat Strip Squeeze Spoon",6.42-7.34,Lists: 280,"https://cc-west-usa.oss-us-west-1.aliyuncs.com/4358861a-0a3c-40f9-89ca-73f70b5d21ca.jpg?x-oss-process=image/format,webp,image/resize,m_fill,m_pad,w_250,h_250"
"Cat Hair Brush With Water, Sticky Brush For Cats, 4 In-1 Cat Grooming Brush Creative Update Cat Dog Grooming Comb With Water Tank Double-Sided Hair Removal Brush Kitten Pet Supplies Accessories",7.68-9.98,Lists: 1211,"https://cc-west-usa.oss-us-west-1.aliyuncs.com/17199648/1808309710328434688.jpg?x-oss-process=image/format,webp,image/resize,m_fill,m_pad,w_250,h_250"
"Cat Strip Feeder, Cat Strip Happy Spoon, Cat Wet Food Spoon Portable Cat Feeding Spoon Reuseable Cat Strip Spoon Lickable Pet Feeder Spoon Pets Cat Food Accessories, Cat Strip Squeeze Spoon",6.42-7.34,Lists: 280,"https://cc-west-usa.oss-us-west-1.aliyuncs.com/4358861a-0a3c-40f9-89ca-73f70b5d21ca.jpg?x-oss-process=image/format,webp,image/resize,m_fill,m_pad,w_250,h_250"
"Cat Hair Brush With Water, Sticky Brush For Cats, 4 In-1 Cat Grooming Brush Creative Update Cat Dog Grooming Comb With Water Tank Double-Sided Hair Removal Brush Kitten Pet Supplies Accessories",7.68-9.98,Lists: 1211,"https://cc-west-usa.oss-us-west-1.aliyuncs.com/17199648/1808309710328434688.jpg?x-oss-process=image/format,webp,image/resize,m_fill,m_pad,w_250,h_250"
"Cat Strip Feeder, Cat Strip Happy Spoon, Cat Wet Food Spoon Portable Cat Feeding Spoon Reuseable Cat Strip Spoon Lickable Pet Feeder Spoon Pets Cat Food Accessories, Cat Strip Squeeze Spoon",6.42-7.34,Lists: 280,"https://cc-west-usa.oss-us-west-1.aliyuncs.com/4358861a-0a3c-40f9-89ca-73f70b5d21ca.jpg?x-oss-process=image/format,webp,image/resize,m_fill,m_pad,w_250,h_250"
"Cat Hair Brush With Water, Sticky Brush For Cats, 4 In-1 Cat Grooming Brush Creative Update Cat Dog Grooming Comb With Water Tank Double-Sided Hair Removal Brush Kitten Pet Supplies Accessories",7.68-9.98,Lists: 1211,"https://cc-west-usa.oss-us-west-1.aliyuncs.com/17199648/1808309710328434688.jpg?x-oss-process=image/format,webp,image/resize,m_fill,m_pad,w_250,h_250"
"Cat Strip Feeder, Cat Strip Happy Spoon, Cat Wet Food Spoon Portable Cat Feeding Spoon Reuseable Cat Strip Spoon Lickable Pet Feeder Spoon Pets Cat Food Accessories, Cat Strip Squeeze Spoon",6.42-7.34,Lists: 280,"https://cc-west-usa.oss-us-west-1.aliyuncs.com/4358861a-0a3c-40f9-89ca-73f70b5d21ca.jpg?x-oss-process=image/format,webp,image/resize,m_fill,m_pad,w_250,h_250"
"Cat Hair Brush With Water, Sticky Brush For Cats, 4 In-1 Cat Grooming Brush Creative Update Cat Dog Grooming Comb With Water Tank Double-Sided Hair Removal Brush Kitten Pet Supplies Accessories",7.68-9.98,Lists: 1211,"https://cc-west-usa.oss-us-west-1.aliyuncs.com/17199648/1808309710328434688.jpg?x-oss-process=image/format,webp,image/resize,m_fill,m_pad,w_250,h_250"
"Cat Strip Feeder, Cat Strip Happy Spoon, Cat Wet Food Spoon Portable Cat Feeding Spoon Reuseable Cat Strip Spoon Lickable Pet Feeder Spoon Pets Cat Food Accessories, Cat Strip Squeeze Spoon",6.42-7.34,Lists: 280,"https://cc-west-usa.oss-us-west-1.aliyuncs.com/4358861a-0a3c-40f9-89ca-73f70b5d21ca.jpg?x-oss-process=image/format,webp,image/resize,m_fill,m_pad,w_250,h_250"
"Cat Hair Brush With Water, Sticky Brush For Cats, 4 In-1 Cat Grooming Brush Creative Update Cat Dog Grooming Comb With Water Tank Double-Sided Hair Removal Brush Kitten Pet Supplies Accessories",7.68-9.98,Lists: 1211,"https://cc-west-usa.oss-us-west-1.aliyuncs.com/17199648/1808309710328434688.jpg?x-oss-process=image/format,webp,image/resize,m_fill,m_pad,w_250,h_250"
"Cat Strip Feeder, Cat Strip Happy Spoon, Cat Wet Food Spoon Portable Cat Feeding Spoon Reuseable Cat Strip Spoon Lickable Pet Feeder Spoon Pets Cat Food Accessories, Cat Strip Squeeze Spoon",6.42-7.34,Lists: 280,"https://cc-west-usa.oss-us-west-1.aliyuncs.com/4358861a-0a3c-40f9-89ca-73f70b5d21ca.jpg?x-oss-process=image/format,webp,image/resize,m_fill,m_pad,w_250,h_250"
"Cat Hair Brush With Water, Sticky Brush For Cats, 4 In-1 Cat Grooming Brush Creative Update Cat Dog Grooming Comb With Water Tank Double-Sided Hair Removal Brush Kitten Pet Supplies Accessories",7.68-9.98,Lists: 1211,"https://cc-west-usa.oss-us-west-1.aliyuncs.com/17199648/1808309710328434688.jpg?x-oss-process=image/format,webp,image/resize,m_fill,m_pad,w_250,h_250"