product_url,image_url,title,price,rating
https://www.alibaba.com/product-detail/Wholesale-Waterproof-Watch-5-Alarms-Skmei_1600993867261.html,https://s.alicdn.com/@sc04/kf/H839ea6f843f845fd9772bd346b644c2d7.jpg_300x300.jpg,Wholesale Waterproof Watch 5 Alarms Skmei 2243 Relojes Sport Men Watch Relogio Quartz Analog Digital Watches Wrist,$7.87-8.31,4.7/5.0 (230 reviews)
https://www.alibaba.com/product-detail/Hot-Selling-Luxury-Men-s-Quartz_1601304086921.html?selectedCarrierCode=SEMI_MANAGED_STANDARD@@STANDARD,https://s.alicdn.com/@sc04/kf/H363aee286c6a4ede90aad122705029faL.jpg_300x300.jpg,Hot Selling Luxury Men's Quartz Wrist Watch Digital Night Light Pointer Fashion Quartz Watch Unisex Sports Style,$1.50,4.4/5.0 (363)
https://www.alibaba.com/product-detail/POEDAGAR-9898-Original-Quartz-Movement-Three_1601215068428.html?selectedCarrierCode=SEMI_MANAGED_STANDARD@@STANDARD,https://s.alicdn.com/@sc04/kf/H9b91733ca6bc4751a47e1ac4fd662025b.jpg_300x300.jpg,POEDAGAR 9898 Original Quartz Movement Three Pointers Fashion Wristwatch Luxury Luminous Hands Water Resistant for Men's Watches,$4.20-4.50,4.5/5.0 (1140)
https://www.alibaba.com/product-detail/New-Casual-Men-s-Watches-Stainless_1601279378759.html?selectedCarrierCode=SEMI_MANAGED_STANDARD@@STANDARD,https://s.alicdn.com/@sc04/kf/Hb0d3124095bf47818f1a8b4616ffa966t.jpg_300x300.jpg,New Casual Men's Watches Stainless Steel Band Business Quartz Wristwatch With Luminous Pointers,$4.25,4.5/5.0 (1219)
https://www.alibaba.com/product-detail/New-Arrival-Luxury-Fashion-Sport-Men_1601408202347.html,https://s.alicdn.com/@sc04/kf/H8af9c215bf7244649e0f2ad9d29e18e5v.jpg_300x300.jpg,New Arrival Luxury Fashion Sport Men Wrist Watch Dual Time Zone 42MM Stainless Steel 3285 Movement Automatic Mechanical Watch,$32-38,5.0/5.0 (20)
https://www.alibaba.com/product-detail/4130-Movement-Luxury-Wrist-Watch-for_1601467633485.html,https://s.alicdn.com/@sc04/kf/Habfb3ecb570a4fc1abd85e21040270aeM.jpg_300x300.jpg,4130 Movement Luxury Wrist Watch for Men Waterproof Round Diving 904L Stainless Steel Japan Movement Calendar Gold Luxury Watch,$288,4.4/5.0 (53)
https://www.alibaba.com/product-detail/Poedagar-930-Top-Brand-Luminous-Hands_1601091623912.html?selectedCarrierCode=SEMI_MANAGED_STANDARD@@STANDARD,https://s.alicdn.com/@sc04/kf/H3cd40acc9ada42799c21fb8bc1cca79a1.jpg_300x300.jpg,Poedagar 930 Top Brand Luminous Hands Quartz Watch for Men Fashion Business Calendar Wristwatch Luxury Stainless Steel Watches,$4.28-5.60,4.4/5.0 (1350)
https://www.alibaba.com/product-detail/2024-Hot-Sale-Factory-LED-Wrist_1601082283164.html,https://s.alicdn.com/@sc04/kf/H9e9c8ec6b7f441e5a6e955b7a7a6c0b85.png_300x300.png,2024 Hot Sale Factory LED Wrist Watch Fashion Watch High Quality Sports Waterproof Touch Digital Bracelet Watch,$0.62,4.3/5.0 (559)
https://www.alibaba.com/product-detail/Luxury-3235-Movement-Wristwatch-904L-Stainless_1601402034148.html,https://s.alicdn.com/@sc04/kf/Hcb00857d2a064496bfacd3beff0ddbb0L.jpg_300x300.jpg,Luxury 3235 Movement Wristwatch 904L Stainless Steel 31mm Sapphire Relojes Hombre Automatic Mechanical Watch for Women,$42-45,4.4/5.0 (157)
https://www.alibaba.com/product-detail/New-Fashionable-Casual-Simple-Men-s_1601434723341.html,https://s.alicdn.com/@sc04/kf/Hd7de7cf014344786bb84733de2ba6c37I.png_300x300.png,New Fashionable Casual Simple Men's Sports Style Wrist Watch Bracelet Set Personalized Trendy Belt Quartz Watch for Men,$1.39-1.99,4.4/5.0 (75)
https://www.alibaba.com/product-detail/925-Sterling-Silver-VVS1-Moissanite-Studded_10000017329181.html,https://s.alicdn.com/@sc04/kf/A1af057adce0d4ddc847bec29d11e3b71Q.jpg_300x300.jpg,925 Sterling Silver VVS1 Moissanite Studded Automatic Handmade Wrist Watches for Men Available at Best Prices,$650-750,
https://www.alibaba.com/product-detail/Fashion-Luxury-Quartz-Watch-Custom-Logo_1601321166033.html,https://s.alicdn.com/@sc04/kf/Ha03be5a8e30340998c06db25f7820ec4b.jpg_300x300.jpg,Fashion Luxury Quartz Watch Custom Logo Brand Luminous Waterproof Sports Wrist Watches for Men,$3.12,4.3/5.0 (216)
https://www.alibaba.com/product-detail/Fashion-Wristwatch-Luxury-Watch-for-Men_1601063463768.html?selectedCarrierCode=SEMI_MANAGED_STANDARD@@STANDARD,https://s.alicdn.com/@sc04/kf/Hd44a5f3cdf204233a6227cc154deedaaf.jpg_300x300.jpg,Fashion Wristwatch Luxury Watch for Men Hot Selling Men's Quartz Watch Top Brand OMYA Wrist Watches for Men Reloj Para Hombre,$3.95,4.5/5.0 (84)
https://www.alibaba.com/product-detail/High-quality-Water-Resistant-women-hand_1601415775809.html,https://s.alicdn.com/@sc04/kf/H48d37c558a1c4c1aa712f0a8c85eb67eP.jpg_300x300.jpg,High quality Water Resistant women hand Watches relogio feminino Stainless Steel snake bracelet watch women Quartz gold watches,$8,4.5/5.0 (119)
https://www.alibaba.com/product-detail/Watches-Men-Wrist-Business-Custom-Luxury_1600810491059.html,https://s.alicdn.com/@sc04/kf/H2fd0385db220441783754d62b721b442F.jpg_300x300.jpg,Watches Men Wrist Business Custom Luxury Band Fashion Water Resistant Stainless Steel Quartz Movement Wrist Watches for Men,$10.40-12.80,4.4/5.0 (209)
https://www.alibaba.com/product-detail/Wholesale-4pcs-set-Men-s-Watch_1601197097148.html?selectedCarrierCode=SEMI_MANAGED_STANDARD@@STANDARD,https://s.alicdn.com/@sc04/kf/H28c99c38e4f84cc5a509cc4f4cef0b512.jpg_300x300.jpg,Wholesale 4pcs/set Men's Watch Sports Leisure Quartz Watch Analog Business PU Leather Wrist Watches Bracelet Sets for Men,$0.94-1.15,4.3/5.0 (93)
https://www.alibaba.com/product-detail/192009-Women-Quartz-Watch-With-Bracelet_1601009593162.html,https://s.alicdn.com/@sc04/kf/Hbd433c12bf094d76b90203f122a595c49.jpg_300x300.jpg,192009 Women Quartz Watch With Bracelet Fashion Ladies Wrist Watches With Bracelet Set,$1.64,4.5/5.0 (265)
https://www.alibaba.com/product-detail/OLEVS-6654-Wholesale-Brand-OEM-Custom_1600585634239.html?selectedCarrierCode=SEMI_MANAGED_STANDARD@@STANDARD,https://s.alicdn.com/@sc04/kf/Hb47c58f00fb24b4da22880e8e132715cH.jpg_300x300.jpg,OLEVS 6654 Wholesale Brand OEM Custom Fashion Business Luxury Luminous Automatic Tourbillon Mens Wrist Watch,$40.95,4.7/5.0 (282)
https://www.alibaba.com/product-detail/Luxury-Brand-OLEVS-5885-Men-Business_62479851170.html,https://s.alicdn.com/@sc04/kf/Hd3a7005d7b5e492cbc7a5a56860ee713G.jpg_300x300.jpg,Luxury Brand OLEVS 5885 Men Business Wrist Watch Men Fashion Business Chronograph Quartz Watch Supplier in China,$11.07,4.7/5.0 (375)
https://www.alibaba.com/product-detail/China-NIBOSI-2639-Nylon-Strap-Wrist_1601178549546.html?selectedCarrierCode=SEMI_MANAGED_STANDARD@@STANDARD,https://s.alicdn.com/@sc04/kf/H77b9ab8407e444bd88170fa555c027402.jpg_300x300.jpg,China NIBOSI 2639 Nylon Strap Wrist Watches Calendar Waterproof Sports Watch Mens Classic Mountaineering Style Watch,$5.50,4.6/5.0 (393)
https://www.alibaba.com/product-detail/Hot-Sale-Luxury-Men-s-Quartz_1601431297659.html,https://s.alicdn.com/@sc04/kf/Ha35040807b45423d81f8c9dd06f438c27.jpg_300x300.jpg,Hot Sale Luxury Men's Quartz Chronograph Wrist Watch Original Brand Big Analog Silicone for Outdoor Sport Square Fashion Reloj,$28-30.18,5.0/5.0 (16)
https://www.alibaba.com/product-detail/ONOLA-6827-Quartz-Watch-Sports-Business_1601219650479.html?selectedCarrierCode=SEMI_MANAGED_STANDARD@@STANDARD,https://s.alicdn.com/@sc04/kf/Hd1b106e6e60d479da48dc907ff1e29578.jpg_300x300.jpg,ONOLA 6827 Quartz Watch Sports Business Fashion Waterproof Chronograph Analog Men High Quality Men's Wrist Watches Hand Watch,$13.90,4.4/5.0 (265)
https://www.alibaba.com/product-detail/High-Quality-Men-s-Stainless-Steel_10000029289038.html,https://s.alicdn.com/@sc04/kf/A474a9d7bda1f4915a6e31b40e75da606T.jpeg_300x300.jpeg,High Quality Men's Stainless Steel Mechanical Wrist Watch VVS Moissanite Studded Automatic with ETA Movement Luxury Style,"$1,170-1,250",
https://www.alibaba.com/product-detail/Women-Quartz-Watches-Fashion-Casual-Ladies_1601449724560.html,https://s.alicdn.com/@sc04/kf/H67c77766efed4131a4dbf99b71d078abi.jpg_300x300.jpg,Women Quartz Watches Fashion Casual Ladies Wristwatches Simple Woman Leather Clock Montre Femme Women's Bracelet Wrist Watch,$1-1.50,4.7/5.0 (8)
https://www.alibaba.com/product-detail/Luxury-Fashion-Stainless-Steel-Quartz-Watches_1601385837516.html,https://s.alicdn.com/@sc04/kf/Hd90289c9716544ceac78164426069dafe.jpg_300x300.jpg,Luxury Fashion Stainless Steel Quartz Watches Gold Waterproof Geometric Square Oval Watches Brand Ladies Bracelet Wrist Watch,$7-10,4.8/5.0 (15)
https://www.alibaba.com/product-detail/OEM-Custom-Y2K-Alabaster-Quartz-Watch_1601466371461.html,https://s.alicdn.com/@sc04/kf/Ha90368501535493090ebc8fb440ae66eY.jpg_300x300.jpg,OEM Custom Y2K Alabaster Quartz Watch with Unique Claw Shape Watches Men Wrist Custom Date Quartz Spiked Claw Watches for Men,$9.97,
https://www.alibaba.com/product-detail/Smart-Watches-GTS4-Sport-Band-Reloj_1600966434966.html,https://s.alicdn.com/@sc04/kf/H63e1f62dca3c4b22ac1514d50d0874254.jpg_300x300.jpg,Smart Watches GTS4 Sport Band Reloj Fashion Wristbands Bracelet Fitness Band GTS4 Smartwatch Wrist Watches,$6.80,4.7/5.0 (496)
https://www.alibaba.com/product-detail/Men-s-Wristwatches-Wholesale-Fashionable-Quartz_1601299321028.html?selectedCarrierCode=SEMI_MANAGED_STANDARD@@STANDARD,https://s.alicdn.com/@sc04/kf/H946c9a3a94ff43d8a8fd1adcff3eb47db.jpg_300x300.jpg,Men's Wristwatches Wholesale Fashionable Quartz Wristwatches Nylon,$0.86,4.6/5.0 (58)
https://www.alibaba.com/product-detail/Wholesale-New-Men-s-Casual-Fashion_1601386219932.html?selectedCarrierCode=SEMI_MANAGED_STANDARD@@STANDARD,https://s.alicdn.com/@sc04/kf/H6f2c63a576254eed83196d2cb4decfecs.png_300x300.png,Wholesale New Men's Casual Fashion Sports Belt Wrist Watch Quartz Movement Cross-Border Business,$1.50,4.3/5.0 (247)
https://www.alibaba.com/product-detail/YAZOLE-332-Luxury-Luminous-Dial-Waterproof_1601272387470.html?selectedCarrierCode=SEMI_MANAGED_STANDARD@@STANDARD,https://s.alicdn.com/@sc04/kf/Hf60e358adea340318929a13d64128e3eo.jpg_300x300.jpg,YAZOLE 332 Luxury Luminous Dial Waterproof Feature High Leather Band Men's Casual Quartz Bracelet Watch,$2.98,4.4/5.0 (1003)
https://www.alibaba.com/product-detail/2025-Luxury-Men-s-Quartz-Wrist_1601393097311.html,https://s.alicdn.com/@sc04/kf/H1d5a8bc21bc14a63bf2b57c23dd9c4c4h.jpg_300x300.jpg,2025 Luxury Men's Quartz Wrist Watches Fashionable Casual Leather Band Pointer Dial Display for Business Sport 22mm Band Width,$68.88,5.0/5.0 (5)
https://www.alibaba.com/product-detail/Luxury-Men-Watches-Business-Top-Brand_1601426597347.html,https://s.alicdn.com/@sc04/kf/Hfd1fc9661b784beab67d1304a2b1c38er.jpg_300x300.jpg,Luxury Men Watches Business Top Brand Man Wristwatch Waterproof Luminous Date Week Quartz Men's Watch Relojes Hombre,$16.58,5.0/5.0 (1)
https://www.alibaba.com/product-detail/Mens-Watches-Top-Luxury-Men-Fashion_1600405965865.html,https://s.alicdn.com/@sc04/kf/H5d1a55e79e3a44418b331fe23ec27f23d.jpg_300x300.jpg,Mens Watches Top Luxury Men Fashion Stainless Steel Date Sport Quartz Analog Wrist Watch Green Black Blue,$40,4.7/5.0 (927)
https://www.alibaba.com/product-detail/Classic-Quartz-Date-Men-Wristwatches-Square_1601173707252.html,https://s.alicdn.com/@sc04/kf/H70a6b4834ceb445a860ba53f4b248c2dU.jpg_300x300.jpg,Classic Quartz Date Men Wristwatches Square Alloy Wrist Watch Minimalist Custom Logo Watch for Men Relojes Hombre,$3.70,4.8/5.0 (207)
https://www.alibaba.com/product-detail/2025-Men-s-Casual-Leather-Watches_1600836875425.html?selectedCarrierCode=SEMI_MANAGED_STANDARD@@STANDARD,https://s.alicdn.com/@sc04/kf/Hc49ec2af3661493f90e6cc770ba330d7i.jpg_300x300.jpg,2025 Men's Casual Leather Watches Luxury Wrist Perfect Charm Bracelets Watches Set,$3.10,4.3/5.0 (577)
https://www.alibaba.com/product-detail/Hot-selling-inventory-APS-factory-2423_1601448984276.html,https://s.alicdn.com/@sc04/kf/Hda695f33edde47a494aa7613c6c41167H.png_300x300.png,Hot-selling inventory APS factory 2423 stainless steel strap water-resistant men's wrist watch with mechanical movement,$52,4.4/5.0 (30)
https://www.alibaba.com/product-detail/Fashion-Design-Wholesale-Men-s-Quartz_1601298645884.html,https://s.alicdn.com/@sc04/kf/Hacfed01822274d66ae250d0cc00c916bn.jpg_300x300.jpg,Fashion Design Wholesale Men's Quartz Wrist Watch With Steel Strap Casual Business Style Quartz Watches for Men,$5.30,4.7/5.0 (47)
https://www.alibaba.com/product-detail/OLEVS-Men-s-Watches-3ATM-Waterproof_1601054559060.html,https://s.alicdn.com/@sc04/kf/Hedd4796d71fd4042a0028d068ec4a2fc0.jpg_300x300.jpg,OLEVS Men's Watches 3ATM Waterproof Wrist Watch Multifunction Chronograph Brown Leather Classic Analog Quartz Watch for Man,$9.50,4.5/5.0 (332)
https://www.alibaba.com/product-detail/High-Quality-Luxury-Waterproof-Analog-Luminous_1600925255483.html,https://s.alicdn.com/@sc04/kf/Hfb2d95fe4b0c4d6ab276105654c1c19b6.jpg_300x300.jpg,High Quality Luxury Waterproof Analog Luminous Stainless Steel Wrist Watch for Men,$5.51-6.49,4.5/5.0 (839)
https://www.alibaba.com/product-detail/TKYUAN-New-Design-Sports-Smart-Watch_1601462519148.html,https://s.alicdn.com/@sc04/kf/H8e902055a8f84dcf873c18acf497ecdaU.jpg_300x300.jpg,TKYUAN New Design Sports Smart Watch Ultra-thin Curved AMOLED 1.85inch Answer Call Health Fitness Wrist Watches Smartwatch,$15.99,4.7/5.0 (132)
https://www.alibaba.com/product-detail/Lobinni-16015-Brown-Leather-Skeleton-Watch_62194971000.html?selectedCarrierCode=SEMI_MANAGED_STANDARD@@STANDARD,https://s.alicdn.com/@sc04/kf/H85c13bc5fc3a48d2a5fcccae02aec571M.jpg_300x300.jpg,Lobinni 16015 Brown Leather Skeleton Watch for Men Date 24 Hours Automatic Mechanical Wrist Hand Watch,$136.11,4.5/5.0 (54)
https://www.alibaba.com/product-detail/New-Men-s-Business-Alloy-Quartz_1600831190861.html,https://s.alicdn.com/@sc04/kf/H2804a8e1f4f44db7b37cecdef32be6edD.jpg_300x300.jpg,New Men's Business Alloy Quartz Watch s Jewelry Set SOKI Fashion Watch Wish Wholesale Wrist Watch Supplier,$3.90,4.6/5.0 (138)
https://www.alibaba.com/product-detail/Best-Wholesale-Richard-Fashion-Ceramic-Quartz_1601247475361.html,https://s.alicdn.com/@sc04/kf/H72b2299407204150845c0fc082973bfck.jpg_300x300.jpg,Best Wholesale Richard Fashion Ceramic Quartz Wrist Watch Luxury Women's Wristwatch Diamond Watch,$8.59,4.5/5.0 (8)
https://www.alibaba.com/product-detail/Luxury-Women-s-Analog-Wrist-Watch_1601417637550.html?selectedCarrierCode=SEMI_MANAGED_STANDARD@@STANDARD,https://s.alicdn.com/@sc04/kf/H6ad6d36b6a3543f493a6657c495b6916G.jpg_300x300.jpg,Luxury Women's Analog Wrist Watch Set 35mm Dial Stainless Steel Band Glass Window Quartz Jewelry Hangzhou Movement Alloy 2 Pcs,$4,5.0/5.0 (1)
https://www.alibaba.com/product-detail/WJ-9915-Cheap-Price-Watches-Men_1600435038570.html,https://s.alicdn.com/@sc04/kf/H58337f3a2e824f8e8f7cf8709462e85bf.jpg_300x300.jpg,WJ-9915 Cheap Price Watches Men Wrist Leather Fashion Simple Wrist Watches for Men Sport Glass Digital Silicone Alloy Round Mix,$1.05,4.6/5.0 (181)
https://www.alibaba.com/product-detail/Top-Brand-High-Quality-Wrist-Watch_1029587347.html,https://s.alicdn.com/@sc04/kf/H2ed398fcb829448297ef1c552acd4e5dH.jpg_300x300.jpg,Top Brand High Quality Wrist Watch Quartz Classic Sports Boys Stainless Steel Back Watch Luxury Men Watches,$18-24.50,5.0/5.0 (3)
https://www.alibaba.com/product-detail/Ready-Stock-Rome-Face-Quartz-Watch_1601218597303.html,https://s.alicdn.com/@sc04/kf/Hfe7b3d65b2db4043a024c287e8866e229.jpg_300x300.jpg,Ready Stock Rome Face Quartz Watch for Men Date Gold 2pcs Stainless Steel Luxury Watches Men & Bracelet Stainless Steel Watch,$6.55,3.9/5.0 (805)
https://www.alibaba.com/product-detail/High-Quality-Top-Brand-Reloj-Fashion_1600723617683.html,https://s.alicdn.com/@sc04/kf/H09bbe165582d4068bf67b247bf00d178B.jpg_300x300.jpg,High Quality Top Brand Reloj Fashion Luxury Wristwatches Custom Design Wrist Quartz Watches for Men,$16.16,4.3/5.0 (123)