title,price,link,source
"Electronic Spices 32 In 1 Screwdriver Tool Set Tool Kit For Mobile, Laptop Repairing & Repair Tool Kit - Multicolour",599.0,https://www.daraz.pk/products/1-32-i833609269.html,www.daraz.com
"32-in-1 Multifunction Manual Screwdriver Kit for Mobile Phone, Computer Electronic Repair Tool Set, Product with Extension Rod",559.0,https://www.daraz.pk/products/1-32-i833609556.html,www.daraz.com
"32-in-1 Precise Magnetic Screwdriver Set – Multifunction Repair Tool Kit for Mobile, Laptop, Watch & Electronics""*",449.0,https://www.daraz.pk/products/1-32-i146654990.html,www.daraz.com
SW-1030 TOOL SET DRIVER SET FOR OPENING MOBILE TABLET LAPTOP REPAIR KIT for mobile repairing,839.0,https://www.daraz.pk/products/sw-1030-tool-set-driver-set-for-opening-mobile-tablet-laptop-repair-kit-for-mobile-repairing-i539897754.html,www.daraz.com
"24 in 1 Magnetic Precision Screwdriver Set | Multi-Function Repair Tool Kit for Mobile, Laptop, Watch, Glasses & Electronics | Professional Precision Kit for Repairing | 25 in 1 Screwdriver Kit",512.0,https://www.daraz.pk/products/1-24-1-25-i909619149.html,www.daraz.com
"B6000 B7000 E8000 available in different sizes  –  Multi-Purpose Adhesive Glue for Crafts, Mobile Repair, Jewelry, Fabric & DIY",397.0,https://www.daraz.pk/products/b6000-b7000-e8000-diy-i947289109.html,www.daraz.com
SW-1688 and SW-2811 14 in 1 Screwdrivers Mobile Repairing Tool Kit Screwdriver Set Repair Tools Phone Disassemble Mobile hand tool by Electrica,1026.0,https://www.daraz.pk/products/sw-1688-and-sw-2811-14-in-1-screwdrivers-mobile-repairing-tool-kit-screwdriver-set-repair-tools-phone-disassemble-mobile-hand-tool-by-electrica-i631733949.html,www.daraz.com
Soldering Iron 40 Watt Best For Mobile & Computer Repairing,999.0,https://www.daraz.pk/products/40-i406106103.html,www.daraz.com
7-in-1 Mobile Phone Repair Tool Kit HT18,199.0,https://www.daraz.pk/products/7-in-1-mobile-phone-repair-tool-kit-ht18-i1946870820.html,www.daraz.com
"24 in 1 Magnetic Precision Screwdriver Set | Mini Pocket Repair Tool Kit for Mobile, Laptop, Camera, Watch, Glasses & Electronics",510.0,https://www.daraz.pk/products/1-24-cwrry-i846537803.html,www.daraz.com
31 in 1 Repair Tools Kit for Tablet PC Cameras Watches Glasses Laptop | Screw Driver Bit Set | Precision Torx Driver set | Electronic Precise Manual ScrewDriver Tool Set | Mini Disassembly Mobile Phone Opening Tool | CRV BITS Holder,399.0,https://www.daraz.pk/products/1-31-crv-i566323550.html,www.daraz.com
"3-in-1 Stainless Steel Screwdriver Repair Tool Kit with Keychain Design - Mini Portable Set for Glasses, Watches, Mobile Phones, and Jewelry (Flat + Phillips + Hexagonal Head) - Durable and Precise Maintenance, Magnetic Screwdriver and Keychain",175.0,https://www.daraz.pk/products/1-3-i1952730041.html,www.daraz.com
"24 in 1 Magnetic Precision Screwdriver Set | Multi-Function Repair Tool Kit for Mobile, Laptop, Watch, Glasses & Electronics | Professional Precision Kit for Repairing | 25 in 1 Screwdriver Kit",562.0,https://www.daraz.pk/products/24-in-1-magnetic-precision-screwdriver-set-multi-function-repair-tool-kit-for-mobile-laptop-watch-glasses-electronics-professional-precision-kit-for-repairing-25-in-1-screwdriver-kit-i1947739637.html,www.daraz.com
"24-in-1 Precision Screwdriver Set 🔥 Compact Magnetic Tool Kit | Multi-Bit Repair Kit for Mobile, Laptop, Watch & Household Use (Black)",527.0,https://www.daraz.pk/products/1-24-i1949880002.html,www.daraz.com
6 in 1 Repair Opening Tool Kit Screwdriver Set Tools Disassemble Mobile Precision  Screwdriver P-30 vr 01,221.0,https://www.daraz.pk/products/6-1-p-30-vr-01-i428521942.html,www.daraz.com
MECHANIC UV 559 SOLDERING FLUX PASTE for Mobile Repairing,499.0,https://www.daraz.pk/products/mechanic-uv-559-soldering-flux-paste-for-mobile-repairing-i885263788.html,www.daraz.com
"KC 5 in 1 Gold Soldering Iron Bit Set – 900M Copper Tips for PCB, Mobile Repair & Electronics Work",720.0,https://www.daraz.pk/products/kc-5-1-900m-i1950761650.html,www.daraz.com
Universal Magnetic  Screwdriver Set 31_IN_/ Mobile Repair Mini Tool kit,570.0,https://www.daraz.pk/products/universal-magnetic-screwdriver-set-31_in_-mobile-repair-mini-tool-kit-i393728901.html,www.daraz.com
Universal 4 Line Adjustable DC Power Supply Cable Multi-Function Current Test Wire with USB Output and Alligator Clips for Mobile Phone Repair Tools (iPhone/Android) – by Electrica,519.0,https://www.daraz.pk/products/universal-4-line-adjustable-dc-power-supply-cable-multi-function-current-test-wire-with-usb-output-and-alligator-clips-for-mobile-phone-repair-tools-iphoneandroid-by-electrica-i475144391.html,www.daraz.com
DT-002 Inductance Detector Precision Electromagnetic Induction for Mobile Phone Check Inductor Detector Repair Tools,750.0,https://www.daraz.pk/products/dt-002-i1949128762.html,www.daraz.com
32 in 1 Precision Screwdriver Set Magnetic Multi Bit Tool Kit for Mobile Phone Laptop Watch Repair Hand Tools Kit,430.0,https://www.daraz.pk/products/32-1-i938636665.html,www.daraz.com
TE 801 Welding Magnifying Glass 2 LED Auxiliary Clip Magnifier 3 In 1 Hand Soldering Solder Iron Stand Holder Station Soldering Helping Hand Soldering Stand Mobile Repairing Accessories,1699.0,https://www.daraz.pk/products/801-2-3-1-i457911962.html,www.daraz.com
Silicon Repair Mat for Mobile Repair Heat Insulation 45x30cm,2999.0,https://www.daraz.pk/products/45x30cm-i224229087.html,www.daraz.com
"24 in 1 Magnetic Precision Screwdriver Set | Multi-Function Repair Tool Kit for Mobile, Laptop, Watch, Glasses & Electronics | Professional Precision Kit for Repairing | 25 in 1 Screwdriver Kit",543.0,https://www.daraz.pk/products/24-in-1-magnetic-precision-screwdriver-set-multi-function-repair-tool-kit-for-mobile-laptop-watch-glasses-electronics-professional-precision-kit-for-repairing-25-in-1-screwdriver-kit-i1950101613.html,www.daraz.com
"24 in 1 Magnetic Precision Screwdriver Set | Multi-Function Repair Tool Kit for Mobile, Laptop, Watch, Glasses & Electronics | Professional Precision Kit for Repairing | 25 in 1 Screwdriver Kit",562.0,https://www.daraz.pk/products/24-in-1-magnetic-precision-screwdriver-set-multi-function-repair-tool-kit-for-mobile-laptop-watch-glasses-electronics-professional-precision-kit-for-repairing-25-in-1-screwdriver-kit-i1947769501.html,www.daraz.com
"Power Supply 24V (5A) for pc, mobile repairing",1999.0,https://www.daraz.pk/products/24-5a-i539887102.html,www.daraz.com
INSTAORDER - 31 in 1 - Electronic Precise Manual Screw Driver Tools Set CRV BITS With Holder for Telecommunications - Mobile Repairing Kit - Screwdriver Set,499.0,https://www.daraz.pk/products/instaorder-31-in-1-electronic-precise-manual-screw-driver-tools-set-crv-bits-with-holder-for-telecommunications-mobile-repairing-kit-screwdriver-set-i358186997.html,www.daraz.com
MECHANIC V52 Silicone Soldering Mat 320×228mm – 500°C Heat-Resistant ESD Repair Pad with Parts Organizer for Mobile Phone Repairing Workbench by Electrica,969.0,https://www.daraz.pk/products/mechanic-v52-silicone-soldering-mat-320228mm-500c-heat-resistant-esd-repair-pad-with-parts-organizer-for-mobile-phone-repairing-workbench-by-electrica-i481677396.html,www.daraz.com
Screwdriver Set 8 in 1 SW-6308A mobile repairing Set,299.0,https://www.daraz.pk/products/8-1-sw-6308a-i945687247.html,www.daraz.com
6Pcs Universal Mobile Phone Repair Opening Tool Metal Steel Kits Pry Disassemble Phone Repair dismantling crowbar hand tool set TE-666 by Electrica,899.0,https://www.daraz.pk/products/6pcs-universal-mobile-phone-repair-opening-tool-metal-steel-kits-pry-disassemble-phone-repair-dismantling-crowbar-hand-tool-set-te-666-by-electrica-i887199676.html,www.daraz.com
mobile repairing tools (6 in 1 pack)best quality scrowdriver set for all mobile repairing use,320.0,https://www.daraz.pk/products/mobile-repairing-tools-6-in-1-packbest-quality-scrowdriver-set-for-all-mobile-repairing-use-i923078860.html,www.daraz.com
MECHANIC mobile phone computer repair workbench table mat multifunctional magnetic ESD 500℃ temperature heat insulation silicone mat For Mobile Repairing Mat Cell Phone Repair Tool by Electrica,865.0,https://www.daraz.pk/products/mechanic-mobile-phone-computer-repair-workbench-table-mat-multifunctional-magnetic-esd-500-temperature-heat-insulation-silicone-mat-for-mobile-repairing-mat-cell-phone-repair-tool-by-electrica-i242881424.html,www.daraz.com
Car Dent Puller Suction Cup - Heavy Duty Dent Remover Handle Lifter - Glass Puller & Mobile Screen Opening Tool - Powerful Vacuum Suction Pad (Premium ABS),198.0,https://www.daraz.pk/products/abs-i1950192849.html,www.daraz.com
Mix Original MECHANIC Products 10ml UV Curing Solder Mask UV Light DT3 Cable Tester Glue Remover Soldering Wire Soldering Paste Solder Wick MC-UFO Universal Stencil and heat insulation silicone mat For Mobile Repairing Multicolor by Electrica,264.0,https://www.daraz.pk/products/mix-original-mechanic-products-10ml-uv-curing-solder-mask-uv-light-dt3-cable-tester-glue-remover-soldering-wire-soldering-paste-solder-wick-mc-ufo-universal-stencil-and-heat-insulation-silicone-mat-for-mobile-repairing-multicolor-by-electrica-i254997026.html,www.daraz.com
7-in-1 Mobile Phone Repair Tool Kit HT18,240.0,https://www.daraz.pk/products/1-7-ht18-i738382268.html,www.daraz.com
Uv Light Lamp Mobile Phone Repair Tool USB 5V LED UV Glue Curing Lamp,1750.0,https://www.daraz.pk/products/uv-usb-5-led-uv-i313111878.html,www.daraz.com
31 In 1 Precision Handle Screwdriver Set Mobile Phone Repair Kit,399.0,https://www.daraz.pk/products/1-31-i102448127.html,www.daraz.com
5pcs pack Jumper Wire for Mobile Phone Repairing,140.0,https://www.daraz.pk/products/5pcs-pack-jumper-wire-for-mobile-phone-repairing-i405541718.html,www.daraz.com
Display Panel for iphone 7 & 7 plus (complete LCD) - Just install n Use!!  [FREE REPAIR TOOLKIT],3650.0,https://www.daraz.pk/products/7-7-lcd-i249449624.html,www.daraz.com
32 in 1 Precision Screwdriver Set Magnetic Multi Bit Tool Kit for Mobile Phone Laptop Watch Repair Hand Tools Kit,710.0,https://www.daraz.pk/products/1-32-i1951268943.html,www.daraz.com
"5 Yard 9mm Crystal Rhinestone Chain + B7000 Glue 50ml Combo | DIY Crafts, Garment Trim, Jewelry & Mobile Repair | Tawakkal Crafts",690.0,https://www.daraz.pk/products/5-9-b7000-50-diy-i879745480.html,www.daraz.com
5 Ft Original Soldering Wire  Rosin core solder wire High Quality soldering wire,129.0,https://www.daraz.pk/products/5-ft-original-soldering-wire-rosin-core-solder-wire-high-quality-soldering-wire-i394125452.html,www.daraz.com
Soldering Iron Pump (Desoldering Pump) Sakhkhar - Solder Remover,290.0,https://www.daraz.pk/products/soldering-iron-pump-desoldering-pump-sakhkhar-solder-remover-i394119694.html,www.daraz.com
High Quality 25ml HWY-800 Soldering Flux for Stainless Steel Soldering Liquid Flux Welding Solder,260.0,https://www.daraz.pk/products/high-quality-25ml-hwy-800-soldering-flux-for-stainless-steel-soldering-liquid-flux-welding-solder-i428954652.html,www.daraz.com
1 Pcs Stainless Steel Flux Soldering Stainless Steel Liquid Solder Soldering Liquid Solution - Liquid Soldering FluxL - Liquid Paste ( Spot welding Not Required For Lithium cell connection ) (6ml),249.0,https://www.daraz.pk/products/1-pcs-stainless-steel-flux-soldering-stainless-steel-liquid-solder-soldering-liquid-solution-liquid-soldering-fluxl-liquid-paste-spot-welding-not-required-for-lithium-cell-connection-6ml-i413267040.html,www.daraz.com
"Best Quality Rosin Soldering Paste YX-20 80gm ,Broza ,10cc Flux type RMA-223 ,White Flux Solid Solder Paste Welding Fluxes Repair Soldering Welding Fluxes Repair by Electrica",328.0,https://www.daraz.pk/products/best-quality-rosin-soldering-paste-yx-20-80gm-broza-10cc-flux-type-rma-223-white-flux-solid-solder-paste-welding-fluxes-repair-soldering-welding-fluxes-repair-by-electrica-i265150550.html,www.daraz.com
OPPO Reno13 5G | 12GB RAM + 256GB ROM - Refurbished (Open Box) - 1 Year Official Repair Warranty,99999.0,https://www.daraz.pk/products/13-5-12-256-1-i697916197.html,www.daraz.com
Heat gun 1800 watt imported quality for paint removal welding soldering shrink wrap packing daal packing sugar packing mobile repairing,2650.0,https://www.daraz.pk/products/1800-i454335095.html,www.daraz.com
"InstaOrder Soldering Iron Stand Holder with Metal Support Station – Bracket Base Welding Tool for Circuit Board Designing, Mobile Repairing & Electric DIY",399.0,https://www.daraz.pk/products/instaorder-soldering-iron-stand-holder-with-metal-support-station-bracket-base-welding-tool-for-circuit-board-designing-mobile-repairing-electric-diy-i351380837.html,www.daraz.com
ZT-102L Mini Auto Inductance 60 Henrys H Measurement Digital Multimeter,4550.0,https://www.daraz.pk/products/zt-102l-60-h-i924660059.html,www.daraz.com
"10X Handheld Magnifier Glass + 60/70/80/90/100MM Magnifying Glass with Red Wood Handle + For Jewelers, School, Office, Doctors, PCB Circuit Repairing, Mobile Repairing",599.0,https://www.daraz.pk/products/10x-handheld-magnifier-glass-60708090100mm-magnifying-glass-with-red-wood-handle-for-jewelers-school-office-doctors-pcb-circuit-repairing-mobile-repairing-i431484770.html,www.daraz.com
KADA KD-887Ds Hot Air Gun Rework Station with LED Display Adjustable Temperature Portable Heat Gun for Mobile & PCB Repair by Electrica,7399.0,https://www.daraz.pk/products/kada-kd-887ds-hot-air-gun-rework-station-with-led-display-adjustable-temperature-portable-heat-gun-for-mobile-pcb-repair-by-electrica-i161442303.html,www.daraz.com
Tin Lead Line Soldering 0.6Mm Wire 25G/50G Made in Pakistan (Ranga) Solder Wire Reel,141.0,https://www.daraz.pk/products/tin-lead-line-soldering-06mm-wire-25g50g-made-in-pakistan-ranga-solder-wire-reel-i406556364.html,www.daraz.com
QS Mobile Speaker Anti Dust Jali Honey Comb Pattern Pack of 10,149.0,https://www.daraz.pk/products/qs-10-i930937064.html,www.daraz.com
32-in-1 Multi-Function Screwdriver Tool Box Set – Complete Tools Set for Mobile Phone & Electronic Repair,499.0,https://www.daraz.pk/products/1-32-i940157222.html,www.daraz.com
"31 In 1 Precision Handle Screwdriver Set Mobile Phone, watches, glasses Repair Kit Multifunctional",333.0,https://www.daraz.pk/products/31-in-1-precision-handle-screwdriver-set-mobile-phone-watches-glasses-repair-kit-multifunctional-i272632707.html,www.daraz.com
Samsung S10 Plus Original LED Display with Touchscreen Replacement Kit - High-Quality Mobile Repair Part,24999.0,https://www.daraz.pk/products/10-i888362459.html,www.daraz.com
TE 801 Welding Magnifying Glass 2 LED Auxiliary Clip Magnifier 3 In 1 Hand Soldering Solder Iron Stand Holder Station Soldering Helping Hand Soldering Stand Mobile Repairing Accessories,1599.0,https://www.daraz.pk/products/te-801-2-led-1-3-i208464985.html,www.daraz.com
Koocu 5 in 1 Screwdriver Tool kit Set for All Mobiles Repair watch Multicolor,480.0,https://www.daraz.pk/products/1-5-i429183550.html,www.daraz.com
"24 in 1 Screwdriver Set Magnetic Mini Precision Repair Tool Kit – Small Screwdriver Set  & Mobile Screwdriver Set for Mobile Repair, , , Computer, Camera – Multi-Bit Mobile Screwdriver  Kit for",820.0,https://www.daraz.pk/products/24-1-i948563603.html,www.daraz.com
TITAN TN 1502DD DC POWER SUPPLY  Current / Voltage Adjustable Power Supply for mobile repairing tools,4970.0,https://www.daraz.pk/products/titan-tn-1502dd-dc-power-supply-current-voltage-adjustable-power-supply-for-mobile-repairing-tools-i497867850.html,www.daraz.com
KOOCU8899/JYD515 5 in 1 Precision Torx Screwdriver Cellphone Watch Repair Mixed Set Tool Kit,450.0,https://www.daraz.pk/products/koocu8899jyd515-5-in-1-precision-torx-screwdriver-cellphone-watch-repair-mixed-set-tool-kit-i390199175.html,www.daraz.com
"New 32-in-1 Precision Magnetic Screwdriver Set for Mobile, Laptop, Watch, Camera, PC Repair | Mini Tool Kit with Magnetic Bits",498.0,https://www.daraz.pk/products/1-32-i831404361.html,www.daraz.com
Magnetic Screwdriver 31 in 1 Screwdriver Set Mobile Repair Tool Kit; Watches Repair Tool Kit; Glasses Repair Tool Kit; Best Quality Screwdriver Tool Kit | Multi-Functional Pocket Screwdriver Set 30 Magnetic Bits and Handle,399.0,https://www.daraz.pk/products/1-31-30-i627925921.html,www.daraz.com
"T7000 Zhanlida Best Quality Super Strong Adhesive Glue For Mobile Phone Repairing, Tablet, LCD, Back Panel Fixing, Jewelry, Toy, Stones, Glass, Wood, Flower, Leather, PVC, Handicrafts, Plastic, Metal, T 7000, 50ML",400.0,https://www.daraz.pk/products/t7000-lcd-pvc-t-7000-50-i201612734.html,www.daraz.com
Mobile Phone Repair Fixture Pcbs Bracket Universal Board pcbs Holder for Repair Tool Platform Fixed Adjustable PCBs Holder Mobile board holder for Repairing jig Stand,329.0,https://www.daraz.pk/products/-i389751827.html,www.daraz.com
MECHANIC ORI Mini Motherboard Fixture – Compact PCB Holder for Mobile Repair,3600.0,https://www.daraz.pk/products/-i933337522.html,www.daraz.com
"B6000 or B7000 Glue Super Strong Multi-Purpose Adhesive Glue (50ml / 110ml) – Mobile, Jewelry, Craft Repair",210.0,https://www.daraz.pk/products/b6000-b7000-50ml-110ml-i945788107.html,www.daraz.com
Inductance Detector PCB Electromagnetic Fault Detection Tool for Mobile Phone Motherboard Repair Engineers Use MECHANIC DT-001,890.0,https://www.daraz.pk/products/001-i928767825.html,www.daraz.com
Mechanic 998 Touch Separator Machine  Mobile Phone Disassemble Build-in Pump Vacuum LCD Touch Screen Repair,11200.0,https://www.daraz.pk/products/998-lcd-i896564720.html,www.daraz.com
iPhone X Display in- cell Panel Black – SUNLONG |  Colors + HDR Full LCD Screen | Premium Quality Front Mobile Display | High Brightness Touch LCD | Full Assembly Replacement Panel for iPhone X | OEM Fit | Best for Mobile Repair Technicians,4920.0,https://www.daraz.pk/products/oem-i879862653.html,www.daraz.com
"B6000 E6000 Multi-Purpose Adhesive Glue 110 g for Crafts, Mobile Repair, Jewelry, Fabric & DIY",199.0,https://www.daraz.pk/products/b6000-e6000-multi-purpose-adhesive-glue-110-g-for-crafts-mobile-repair-jewelry-fabric-diy-i655998250.html,www.daraz.com
MECHANIC UV 559 SOLDERING FLUX PASTE for Mobile Repairing,600.0,https://www.daraz.pk/products/uv-559-i316273274.html,www.daraz.com
1/2/3/5 Pcs Electronic Spices 1.5mm Philip Size Precision Screwdriver with Rotatable Head | Mobile Phone Repair Tool | Laptop Repair Tool | Professional Opening Tool for All Smartphones | Durable Non-Slip Grip Screw Driver – Rafiq Electronics,169.0,https://www.daraz.pk/products/1235-pcs-electronic-spices-15mm-philip-size-precision-screwdriver-with-rotatable-head-mobile-phone-repair-tool-laptop-repair-tool-professional-opening-tool-for-all-smartphones-durable-non-slip-grip-screw-driver-rafiq-electronics-i939384969.html,www.daraz.com
JZQ-588B Metal Wire Brush Soldering Iron Tip Cleaner with Stand Holder Set BGA Repairing Tool by Electrica,422.0,https://www.daraz.pk/products/jzq-588b-metal-wire-brush-soldering-iron-tip-cleaner-with-stand-holder-set-bga-repairing-tool-by-electrica-i429498194.html,www.daraz.com
Infinix Hot 40 Mobile Sim Tray - Blue Sim Slot Repair Part,549.0,https://www.daraz.pk/products/infinix-hot-40-mobile-sim-tray-blue-sim-slot-repair-part-i943393272.html,www.daraz.com
3.5X12 Helping Hand Clip LED Light Magnifier Soldering Iron Stand,1370.0,https://www.daraz.pk/products/35x12-i429796201.html,www.daraz.com
Power Charge For Nintendo GameBoy Advance SP (GBA SP)  / Nintendo console / Game Boy Advance,1099.0,https://www.daraz.pk/products/sp-gba-sp-i430766794.html,www.daraz.com
"Flying Eagle Blade Safety Razor for Mobile,Tab LCD Repair 5 Pcs",121.0,https://www.daraz.pk/products/flying-eagle-blade-safety-razor-for-mobiletab-lcd-repair-5-pcs-i388926848.html,www.daraz.com
100% Original AIWA 40 Pcs Original Toolkit Combination Socket Wrench Tool Set Matric Ratchet Wrench Screw Driver Set Mobile Repairing Toolkit Car Bike Bicycle Repairing Hand Tool Goti Set Screwdriver Set Socket Set Ratchet Set AIWA Toolkit with Box,1299.0,https://www.daraz.pk/products/100-aiwa-40-aiwa-i717532396.html,www.daraz.com
(1 Pc) Premium Quality 60W Soldering Iron Heating Element - Soldering Iron Replacement Core Heating Element AC 220V 60W,169.0,https://www.daraz.pk/products/1-pc-premium-quality-60w-soldering-iron-heating-element-soldering-iron-replacement-core-heating-element-ac-220v-60w-i411425661.html,www.daraz.com
"4 Pcs Pack Of Spiral Silicone Cable Protectors Charging Cable Protector Prevent Cable Break For Android, Headphones, Earphones, Pods, Mouse Flexible Cable Wire Organizer Sleeve Repair Pet Bite Cable Wire Identification Cover Type C Cord Adapter Wrap",99.0,https://www.daraz.pk/products/4-c-i690740767.html,www.daraz.com
Pixel 3 Dead Mother Board For Ic Repairing,1500.0,https://www.daraz.pk/products/3-ic-i485013475.html,www.daraz.com
"MECHANIC 1.5mm R300 Solder Wick / 1.5M Copper Braid Solder Remover Wire for PCB Repair, BGA Rework & Flux Cleaning (1515) by Electrica",422.0,https://www.daraz.pk/products/mechanic-15mm-r300-solder-wick-15m-copper-braid-solder-remover-wire-for-pcb-repair-bga-rework-flux-cleaning-1515-by-electrica-i471617238.html,www.daraz.com
Mechanic M60 40g 0.4mm for Electronic Soldering Iron Welding High Purity No-clean Rosin Solder Wire by Electrica,457.0,https://www.daraz.pk/products/mechanic-m60-40g-04mm-for-electronic-soldering-iron-welding-high-purity-no-clean-rosin-solder-wire-by-electrica-i514975585.html,www.daraz.com
MECHANIC Solder Paste XG-50 BGA Paste 183 degree,649.0,https://www.daraz.pk/products/xg-50-bga-183-i397923418.html,www.daraz.com
"Soldering Iron Kit in Variation Soldering Iron(Kavia) ,Soldering Wire ,Soldering Iron Stand ,Desoldering Pump ,Repairing matt ,Magnifier Glass ,Yellow Soldering bit cleaning Sponge ,Soldering Iron Paste ,Broza (White Rosin)",3450.0,https://www.daraz.pk/products/-i206292985.html,www.daraz.com
MECHANIC SU7 Green UV Curing Solder Mask Paste for PCB Protection & Repair,498.0,https://www.daraz.pk/products/7-i924660846.html,www.daraz.com
Oppo Reno 5 Front Camera (Original Replacement Part),1399.0,https://www.daraz.pk/products/5-i840012107.html,www.daraz.com
Huawei P20 Pro - Original Camera Glass Repair Replacement Rear Lens Huawei P20 Pro,699.0,https://www.daraz.pk/products/huawei-p20-pro-original-camera-glass-repair-replacement-rear-lens-huawei-p20-pro-i345849788.html,www.daraz.com
Thermoelectric Cooler Peltier Module Tec1-12706 12vdc 6a Cooling Refrigeration Plate 40x40x3.2mm For Liquid Water Cooler Heat Sink System,849.0,https://www.daraz.pk/products/tec1-12706-12vdc-6a-40x40x32-i472785039.html,www.daraz.com
KOOCU K01 Precision Electric Screwdriver Set 13-In-1 Portable LED Kit USB Cordless Professional Mobile Phone IPad Repair Home Tools Kit,4500.0,https://www.daraz.pk/products/k01-1-13-led-usb-i896602125.html,www.daraz.com
Mobile Repairing tools Kada 2018d+ heatgun 2 in 1,14999.0,https://www.daraz.pk/products/kada-2018d-1-2-i489678741.html,www.daraz.com
RELIFE RL-049B CPU Glue Removal Crowbar Set | Mobile Phone Repair Opening Tools For IC Chip & Screen Separation,499.0,https://www.daraz.pk/products/relife-rl-049b-cpu-glue-removal-crowbar-set-mobile-phone-repair-opening-tools-for-ic-chip-screen-separation-i947980735.html,www.daraz.com
E8000 Strong Liquid Glue for Clothes Leather Jewelry Stationery Phone Screen Earphone Repair DIY Clothes Mobile Phone LCD Touch Screen Shoes Craft Shoe Adhesive Jewelry E8000 Glue,208.0,https://www.daraz.pk/products/e8000-diy-lcd-e8000-i464011723.html,www.daraz.com
High Adhesion Double Sided Tape Computer Mobile Phone Screen Sealing Mobile Phone Repair 1 Inch- Arsi Wholesale Hub,220.0,https://www.daraz.pk/products/1-i946953078.html,www.daraz.com
"6pcs Precision Toolkit Model 3001 for Mobile & Electronics Repair | High Quality Screwdriver Set with Comfortable Grip Handles for Phone, Tablet & Gadget Fixing",216.0,https://www.daraz.pk/products/6pcs-3001-i948695836.html,www.daraz.com
Mobile Network Enhancer Chip – Universal Sticker for Better Call Quality & Stable Connectivity,929.0,https://www.daraz.pk/products/mobile-network-enhancer-chip-universal-sticker-for-better-call-quality-stable-connectivity-i927112856.html,www.daraz.com
Mechanic Electric OCA Glue Remover Tool – LCD Screen Adhesive Cleaning Machine for Mobile Phone Repair,3299.0,https://www.daraz.pk/products/mechanic-electric-oca-glue-remover-tool-lcd-screen-adhesive-cleaning-machine-for-mobile-phone-repair-i948103558.html,www.daraz.com
Mobile Phone Repair Tool UV Glue Curing Lamp USB 5v LED Ultraviolet Oil by Electrica,1841.0,https://www.daraz.pk/products/mobile-phone-repair-tool-uv-glue-curing-lamp-usb-5v-led-ultraviolet-oil-by-electrica-i176554770.html,www.daraz.com
31-in-1 Precision Screwdriver Set | Magnetic Mobile Repair Tool Kit for Electronics,409.0,https://www.daraz.pk/products/1-31-i360426544.html,www.daraz.com
Best Quality 7 in1 Mobile  Screen Battery Replace Repair Tool Kit Electronics Screwdriver Set for Cell Phone Computer Tablets Repair,379.0,https://www.daraz.pk/products/best-quality-7-in1-mobile-screen-battery-replace-repair-tool-kit-electronics-screwdriver-set-for-cell-phone-computer-tablets-repair-i394427611.html,www.daraz.com
6 Pcs WLXY Precision Art Hobby Knife Set For Crafts Scrapbook & Mobile Repair,299.0,https://www.daraz.pk/products/6-pcs-wlxy-precision-art-hobby-knife-set-for-crafts-scrapbook-mobile-repair-i885302302.html,www.daraz.com
Variety House (VHTJ) | 6 in 1 Repair Opening Tool Kit Screwdriver Set Repair Tools Phone Disassemble Mobile Precision Screwdriver P-3001,229.0,https://www.daraz.pk/products/vhtj-1-6-p-3001-i451824043.html,www.daraz.com
14 in 1 Repair Opening Tool Kit Screwdriver Set Repair Tools Phone Disassemble Mobile,1099.0,https://www.daraz.pk/products/1-14-i115526691.html,www.daraz.com
Blade#11 for Hijama Cupping or Mobile Repairing بلیڈ نمبر ۱۱ (100 blades Box) | Hakeem Lahori,1085.0,https://www.daraz.pk/products/blade11-for-hijama-cupping-or-mobile-repairing-100-blades-box-hakeem-lahori-i494815691.html,www.daraz.com
1 Pcs Original Liquid Soldering Flux HWY-800 25ml For Metel copper stainless steel and Lithium cell 18650 or 26650,299.0,https://www.daraz.pk/products/1-pcs-original-liquid-soldering-flux-hwy-800-25ml-for-metel-copper-stainless-steel-and-lithium-cell-18650-or-26650-i423224693.html,www.daraz.com
Helping Hand for Soldering Iron Stand TE-800 TE-801 TE-805 MG-16129-C UT-1090-C Soldering Stand by MREECO,999.0,https://www.daraz.pk/products/te-800-te-801-i538762677.html,www.daraz.com
Light Head Magnifying With Led Sharp Light Headband Illuminated Visor Jewelers Loupe Magnifier Headband Glasses With 2 Lens Repair Mobile Laptop Circuits Micro Electric Appliances,1999.0,https://www.daraz.pk/products/light-head-magnifying-with-led-sharp-light-headband-illuminated-visor-jewelers-loupe-magnifier-headband-glasses-with-2-lens-repair-mobile-laptop-circuits-micro-electric-appliances-i927336343.html,www.daraz.com
31 In 1 Precision Handle Screwdriver Set Mobile Phone Repair Kit,499.0,https://www.daraz.pk/products/1-31-i422420461.html,www.daraz.com
"10X Handheld Magnifier Glass + 60/70/80/90/100MM Magnifying Glass with Red Wood Handle + For Jewelers, School, Office, Doctors, PCB Circuit Repairing, Mobile Repairing",599.0,https://www.daraz.pk/products/10x-handheld-magnifier-glass-60708090100mm-magnifying-glass-with-red-wood-handle-for-jewelers-school-office-doctors-pcb-circuit-repairing-mobile-repairing-i947452140.html,www.daraz.com
Screwdriver Set 25 in 1 With Case Multifunctional Mobile Repairing Tools For Mobiles Phones Cell Phone Tablets Computers Repair Mini Hand Tool Kit,699.0,https://www.daraz.pk/products/screwdriver-set-25-in-1-with-case-multifunctional-mobile-repairing-tools-for-mobiles-phones-cell-phone-tablets-computers-repair-mini-hand-tool-kit-i272679094.html,www.daraz.com
"B7000 Mobile Phone Repair Glue (50ml/110ml) – High-Strength Waterproof Adhesive for Screen, Glass, Jewelry & Rhinestones | Precision Needle DIY Bonding Tool | Tawakkal Crafts",186.0,https://www.daraz.pk/products/b7000-50-110-diy-i1950411648.html,www.daraz.com
Adjustable USB UV Light Curing LED Lamp For Mobile Phone Circuit Board Repair,2066.0,https://www.daraz.pk/products/-i438885870.html,www.daraz.com
14 in 1 Repair Opening Tool Kit Screwdriver Set Repair Tools Phone Disassemble Mobile,1068.0,https://www.daraz.pk/products/1-14-i207952545.html,www.daraz.com
PCB Electromagnetic Inductance Detector Fault Detection Tool for Mobile Phone Motherboard Repair Engineers Use MECHANIC DT-001,899.0,https://www.daraz.pk/products/mechanic-dt-001-i1949330528.html,www.daraz.com
"BGA Paste Mechanic XG50, (Sn 63%, Pb 37%, 183 °C, 35 g)",620.0,https://www.daraz.pk/products/bga-paste-mechanic-xg50-sn-63-pb-37-183-c-35-g-i269967212.html,www.daraz.com
SW-1030 13 in 1 Mobile Phone Repair Screwdriver Set For Iphone Huawei Samsung Disassembly Opening Tools by electrica,762.0,https://www.daraz.pk/products/sw-1030-13-in-1-mobile-phone-repair-screwdriver-set-for-iphone-huawei-samsung-disassembly-opening-tools-by-electrica-i539153041.html,www.daraz.com
"SP-07 Soldering Paste Rosin Flux 150g Jar for PCB Repair, Mobile Board Rework, Wire Jointing & Electronic Assembly | Smooth Flow, Clean Finish, Heat Activated by Electrica",331.0,https://www.daraz.pk/products/sp-07-soldering-paste-rosin-flux-150g-jar-for-pcb-repair-mobile-board-rework-wire-jointing-electronic-assembly-smooth-flow-clean-finish-heat-activated-by-electrica-i513470997.html,www.daraz.com
TECNO USB CHarging flex/Charging Port Jack Dock Connector Flex Cable For TECNO Charger Board Module/ CHARGING CARD ANF,550.0,https://www.daraz.pk/products/usb-anf-i561298055.html,www.daraz.com
"1/2/5 Pcs Plastic Triangle Mobile Phone Repair Tools Kit – Professional Disassembly, Teardown & Opening Tool for Smartphone, Tablet, Laptop, Watch & Small Electronics – Safe Plastic Pry Tool for Easy Repair Work",99.0,https://www.daraz.pk/products/125-pcs-plastic-triangle-mobile-phone-repair-tools-kit-professional-disassembly-teardown-opening-tool-for-smartphone-tablet-laptop-watch-small-electronics-safe-plastic-pry-tool-for-easy-repair-work-i936604315.html,www.daraz.com
"31 in 1 Multi-Function Magnetic Screwdriver Set | Chrome Vanadium Steel Precision Tool Kit for Mobile, Laptop, Watch & Home Repair",620.0,https://www.daraz.pk/products/31-1-i927159446.html,www.daraz.com
"T7000 Zhanlida Best Quality Super Strong Adhesive Glue For Mobile Phone Repairing, Tablet, LCD, Back Panel Fixing, Jewelry, Toy, Stones, Glass, Wood, Flower, Leather, PVC, Handicrafts, Plastic, Metal, T 7000, 50ML",550.0,https://www.daraz.pk/products/t7000-lcd-pvc-t-7000-50-i209588786.html,www.daraz.com
DreamsMart 50g soldering wire 0.8mm diameter internal core flux economical circuit board soldering mobile repairing solder inner flux wire,399.0,https://www.daraz.pk/products/dreamsmart-50g-soldering-wire-08mm-diameter-internal-core-flux-economical-circuit-board-soldering-mobile-repairing-solder-inner-flux-wire-i209638888.html,www.daraz.com
Magnetic Screwdrivers Torx Mini Screwdriver Set Precision Wallet Type Screwdriver Set Repair Tools Kit For Mobile Phones Tablet PC Laptop,999.0,https://www.daraz.pk/products/-i496803779.html,www.daraz.com
Imported Quality Welding Magnifying Glass 2 LED Auxiliary Clip Magnifier 3 In 1 Hand Soldering Solder Iron Stand Holder Station Soldering Helping Hand Soldering Stand Mobile Repairing Accessories TE 801,1399.0,https://www.daraz.pk/products/2-led-1-3-te-801-i208476742.html,www.daraz.com
MECHANIC I shall Mortar mini screwdriver,999.0,https://www.daraz.pk/products/-i462433390.html,www.daraz.com
"25-in-1 Precision Hardware Tool Kit – Multi-Purpose Screwdriver & Repair Set for Mobile, Laptop, Watch, and Electronics",1999.0,https://www.daraz.pk/products/25-1-i933242409.html,www.daraz.com
MECHANIC Solder Paste XGSP50/XG-30/V5B45 BGA Paste 183/138 degree 16gm,432.0,https://www.daraz.pk/products/mechanic-solder-paste-xgsp50xg-30v5b45-bga-paste-183138-degree-16gm-i410391506.html,www.daraz.com
14 in 1 Repair Opening Tool Kit Screwdriver Set Repair Tools Phone Disassemble Mobile,1199.0,https://www.daraz.pk/products/1-14-i207938668.html,www.daraz.com
KADA 1502DS Power Supply Regulated dc power supply mobile repairing electronics board repairing,5000.0,https://www.daraz.pk/products/kada-1502ds-dc-i424572732.html,www.daraz.com
"ESD Gloves, ESD-Safe gloves, Anti-Static Gloves, Mobile Phone/Computer repairing gloves.",1000.0,https://www.daraz.pk/products/esd-esd-i349026058.html,www.daraz.com
"Mechanic MC ORI Mini Universal PCB Holder for Mobile Repair, IC Fixing & Precision Soldering Tool",4447.0,https://www.daraz.pk/products/mechanic-mc-ori-mini-universal-pcb-holder-for-mobile-repair-ic-fixing-precision-soldering-tool-i936736244.html,www.daraz.com
"Professional 24in1 Screwdriver Tool kit, Magnetic Flexible Rod, Precision screw driver set for computer, mobile repairing tool kit, laptop repairing  | 24-in-1 Precision Magnetic Screwdriver Set | Electronics, Phones & Laptop Repair Tool Kit",1099.0,https://www.daraz.pk/products/24in-1-1-24-i932175033.html,www.daraz.com
"Precision Screwdriver Set for Mobile, Watch & Laptop Repair - Mini Small Screw Driver Kit with Storage Case - Professional Hand Tool Kit 6 pics",499.0,https://www.daraz.pk/products/6-i1951792155.html,www.daraz.com
BLP727 Battery For oppo A5-2020/ A9 2020/ A11x / A11 Repair Part Original Capacity Mobile Phone Batteries,1799.0,https://www.daraz.pk/products/blp727-a5-2020a9-2020a11xa11-i644196946.html,www.daraz.com
"32 In 1 Precision Screwdriver Bit Set Mobile Phone, watches, glasses Repair Kit",650.0,https://www.daraz.pk/products/1-32-i379274394.html,www.daraz.com
Kada Power Supply 0V-15V 2.0 Ampere Regulator / Adjustable for Mobile Repairing Digital & Analog KADA Adjustable Digital Power Supply - Regulator Power Supply For Mobile Repairing Note random color will be deliver,4813.0,https://www.daraz.pk/products/kada-0v-15v-20-kada-i409994408.html,www.daraz.com
MECHANIC UV 559 SOLDERING FLUX PASTE for Mobile Repairing,589.0,https://www.daraz.pk/products/uv-559-i463285208.html,www.daraz.com
Leather Screwdriver Set 25 in 1  Multifunctional Opening Mobile Repairing Tools For Mobiles Phones Cell Phone Tablets Computers Repair Mini Hand Tool Kit,999.0,https://www.daraz.pk/products/1-25-i266653410.html,www.daraz.com
Original YIHUA 862BD+ 2 in1 repairing Mobile Phone SMD BGA Hot Air Heat Gun Rework Soldering Station YH862BD+,23999.0,https://www.daraz.pk/products/yh862bd-i349763230.html,www.daraz.com
Bitray 3 PCS Professional Repair Tool Kit Electronics Opening Pry Tool Repair Kit | Mobile repairing,900.0,https://www.daraz.pk/products/bitray-3-pcs-professional-repair-tool-kit-electronics-opening-pry-tool-repair-kit-mobile-repairing-i913153179.html,www.daraz.com
Display Panel for iphone 6/6s (complete LCD) - Just install n Use!!  [FREE REPAIR TOOLKIT],3300.0,https://www.daraz.pk/products/66s-lcd-i240873960.html,www.daraz.com
"T-8000 Transparent Craft Glue 110ML | Mobile Phone Display Adhesive for Screen Repair, Jewelry, Glass, Plastic & DIY | Strong Multipurpose Glue",319.0,https://www.daraz.pk/products/diy-t-8000-110-i1951640719.html,www.daraz.com
Precision Handle Screwdriver Set Magnetic Mobile Phone Repair Kit Tools 31 in 1,499.0,https://www.daraz.pk/products/1-31-i573645412.html,www.daraz.com
"25 in 1 Hardware Tool Kit – Precision Screwdriver Set, Multi-Functional Repair Tools for Mobile, Laptop, Computer, Watch & Electronics",500.0,https://www.daraz.pk/products/25-in-1-hardware-tool-kit-precision-screwdriver-set-multi-functional-repair-tools-for-mobile-laptop-computer-watch-electronics-i943609761.html,www.daraz.com
Universal 16-in-1 BGA Reballing Stencil 0.12mm Direct Heat IC Template 0.3–0.5mm Precision Mobile Repair Tool by Electrica,669.0,https://www.daraz.pk/products/universal-16-in-1-bga-reballing-stencil-012mm-direct-heat-ic-template-0305mm-precision-mobile-repair-tool-by-electrica-i471472395.html,www.daraz.com
"600X 3.6MP Digital Microscope 4.3"" LCD Electronic HD Video Microscopes USB Endosc for BGA Reballing Mobile Phone Repair",10800.0,https://www.daraz.pk/products/600x-36mp-43-lcd-hd-usb-bga-i470235624.html,www.daraz.com
TE-666 6pcs/set Prying Opening Repair Tool kit For Mobile Phone Notebook Dual Heads Metal Spudger Hand Tools Sets Crowbar by Electrica,855.0,https://www.daraz.pk/products/te-666-6pcsset-prying-opening-repair-tool-kit-for-mobile-phone-notebook-dual-heads-metal-spudger-hand-tools-sets-crowbar-by-electrica-i621325778.html,www.daraz.com
"mini screwdriver set, 2 pcs screwdriver set, star screwdriver, flat screwdriver, small screw driver set, precision screwdriver set, star and flat screw driver, repair tool set, mobile repair screwdriver, electronics repair tools",109.0,https://www.daraz.pk/products/mini-screwdriver-set-2-pcs-screwdriver-set-star-screwdriver-flat-screwdriver-small-screw-driver-set-precision-screwdriver-set-star-and-flat-screw-driver-repair-tool-set-mobile-repair-screwdriver-electronics-repair-tools-i1949078608.html,www.daraz.com
"Precision Screwdriver Set, Professional Grade 115 in 1 Magnetic Repair Tool Kit for Electronics, Computer,Mobile, Laptop, Game Console, Watch, Eyeglasses, Modding, and DIY Projects",2657.0,https://www.daraz.pk/products/115-1-diy-i495302735.html,www.daraz.com
WLXY Mobile Repairing Knife Set 6 Pcs Precision Art Hobby,319.0,https://www.daraz.pk/products/wl-6-i288812063.html,www.daraz.com
15ml/25ml Stainless Steel Liquid Flux Soldering Non-toxic HWY-800 Paste Flux Liquid Solders Tool Quick Welding,190.0,https://www.daraz.pk/products/15-25-hwy-800-i414212600.html,www.daraz.com
Mechanic C89 Camera Repair Special Glue for Mobile Phone Fixed Camera Bonding Seal Camera Anti-shake UV Glue,400.0,https://www.daraz.pk/products/c89-uv-i930856277.html,www.daraz.com
Black Sim Door for Samsung S8 - Professional Mobile Repair Part,563.0,https://www.daraz.pk/products/black-sim-door-for-samsung-professional-mobile-repair-part-i939844908.html,www.daraz.com
Soldering Mat Mobile Repair Desk Mat Welding Pad Repair MAT Kit Heat-resistant Magnetic Soldering Station Repair Mat for Mobile Repair Heat Insulation Soldering Iron,2447.0,https://www.daraz.pk/products/-i389373192.html,www.daraz.com
SUPER  502D-2A 5V 2A Mini USB DC Power Supply Ammeter for Mobile Phone Repair Tool Ampermetre Power Source Short Circuit Protection Test Tools Set by electrica,2445.0,https://www.daraz.pk/products/super-502d-2a-5v-2a-mini-usb-dc-power-supply-ammeter-for-mobile-phone-repair-tool-ampermetre-power-source-short-circuit-protection-test-tools-set-by-electrica-i537974977.html,www.daraz.com
Universal board Holder Stand Stainless Steel 120x80x20mm board Holder Circuit Board Fixture Soldering De-Soldering For Mobile Motherboard BGA SMD Chip Repair Tools,400.0,https://www.daraz.pk/products/10x80-20-bga-smd-i280743056.html,www.daraz.com
MECHANIC OFFICIAL CD48 Camera Lens Dusting Stick 48PCS/Box Len Cleaner Dust Fingerprint Remove Stick For Mobile Phone Repair,1185.0,https://www.daraz.pk/products/48-48-i927142704.html,www.daraz.com
TE 801 Welding Magnifying Glass 2 LED Auxiliary Clip Magnifier 3 In 1 Hand Soldering Solder Iron Stand Holder Station Soldering Helping Hand Soldering Stand Mobile Repairing Accessories,1599.0,https://www.daraz.pk/products/te-801-2-led-1-3-i208480626.html,www.daraz.com
"Tokyo 6 Telephone Screwdriver Set TKY-992 Screwdriver Set, Precision Screwdrivers 6 In 1 Multi Screwdriver For Mobile Phone Repair Tool Kit",399.0,https://www.daraz.pk/products/6-tky-992-1-6-i336763282.html,www.daraz.com
"28 in 1 TE-016 BGA Repair Blade, CPU IC Pry Knife, Motherboard Opening Blade for Phone Repair Disassembly Tool by Electrica",855.0,https://www.daraz.pk/products/28-in-1-te-016-bga-repair-blade-cpu-ic-pry-knife-motherboard-opening-blade-for-phone-repair-disassembly-tool-by-electrica-i891544896.html,www.daraz.com
Mechanic V51 18×12 Inch Heat Resistant Silicone Soldering Mat 500℃ ESD Non-Slip Repair Pad for Mobile Phone & Electronics Repair by Electrica,2465.0,https://www.daraz.pk/products/mechanic-v51-1812-inch-heat-resistant-silicone-soldering-mat-500-esd-non-slip-repair-pad-for-mobile-phone-electronics-repair-by-electrica-i242892565.html,www.daraz.com
KOOCU TE-02 3in1 Universal Double-sided Phone Repair Tool Disassembly Blades Pry Opening Tool Metal Crowbar Disassemble Kit Phone Spatula Hand Tool by Electrica,490.0,https://www.daraz.pk/products/koocu-te-02-3in1-universal-double-sided-phone-repair-tool-disassembly-blades-pry-opening-tool-metal-crowbar-disassemble-kit-phone-spatula-hand-tool-by-electrica-i936960458.html,www.daraz.com
MECHANIC SU7 Blue UV Curing Solder Mask Paste for PCB Protection & Repair,370.0,https://www.daraz.pk/products/7-i924676453.html,www.daraz.com
2 pcs YX-20 Soldering Paste 80gm Yellow Soldering Wire Welding Flux Paste Circuit Grease 80gram Soldering Welding Repairing by Electrica,323.0,https://www.daraz.pk/products/2-pcs-yx-20-soldering-paste-80gm-yellow-soldering-wire-welding-flux-paste-circuit-grease-80gram-soldering-welding-repairing-by-electrica-i436292624.html,www.daraz.com
MC C210 MIX SOLDERING TIP SET,2899.0,https://www.daraz.pk/products/mc-c210-i911891880.html,www.daraz.com
"MECHANIC 2.5mm R300 Solder Wick 2.5M Copper Desoldering Braid for Motherboard, PCB, IC Chip & BGA Rework 1525 High Absorption Wire by Electrica",474.0,https://www.daraz.pk/products/mechanic-25mm-r300-solder-wick-25m-copper-desoldering-braid-for-motherboard-pcb-ic-chip-bga-rework-1525-high-absorption-wire-by-electrica-i477370431.html,www.daraz.com
2PCS 10cc Flux For Soldering Solder Paste RMA223 RMA-223 Soldering Paste Grease Repair Tools,219.0,https://www.daraz.pk/products/2-10cc-rma223-rma-223-i440101164.html,www.daraz.com
"24 in 1 Magnetic Precision Screwdriver Set | Multi-Function Repair Tool Kit for Mobile, Laptop, Watch, Glasses & Electronics | Professional Precision Kit for Repairing | 25 in 1 Screwdriver Kit",570.0,https://www.daraz.pk/products/1-24-1-25-i1947930338.html,www.daraz.com
Soldering Iron Stand Holder,207.0,https://www.daraz.pk/products/-i389752585.html,www.daraz.com
TE-801 4x 12x Zoom Helping Hand Soldering Stand with Magnifying Glass and LED Lights Helping Hand by Electrica,1682.0,https://www.daraz.pk/products/te-801-4x-12x-zoom-helping-hand-soldering-stand-with-magnifying-glass-and-led-lights-helping-hand-by-electrica-i412640445.html,www.daraz.com
3PCS Soldering Iron Cleaning Sponge Tip Repair Tools Sponge,175.0,https://www.daraz.pk/products/3-i352522471.html,www.daraz.com
1 Piece Octopus Rubber Repair Opening Tool Kit Phone Disassemble Mobile Screen Remover Silicon Suction Cup Stand,130.0,https://www.daraz.pk/products/1-i208476476.html,www.daraz.com
"High-Quality Liquid Soldering Flux for Stainless Steel - HWY 800 Paste Flux, 25ml, Quick Welding Tool",731.0,https://www.daraz.pk/products/high-quality-liquid-soldering-flux-for-stainless-steel-hwy-800-paste-flux-25ml-quick-welding-tool-i518428198.html,www.daraz.com
Light Head Magnifying With Led Sharp Light Headband Illuminated Visor Jewelers Loupe Magnifier Headband Glasses With 2 Lens Repair Mobile Laptop Circuits Micro Electric Appliances,1999.0,https://www.daraz.pk/products/light-head-magnifying-with-led-sharp-light-headband-illuminated-visor-jewelers-loupe-magnifier-headband-glasses-with-2-lens-repair-mobile-laptop-circuits-micro-electric-appliances-i927336321.html,www.daraz.com
4 type 0.3 0.35 0.4/0.5mm & 0.3-1.27mm Universal BGA Reballing Stencil Direct Heat Template for Mobile Phone and Computer IC Reballing Repair 16 in 1 & 31 in 1,625.0,https://www.daraz.pk/products/4-type-03-035-0405mm-03-127mm-universal-bga-reballing-stencil-direct-heat-template-for-mobile-phone-and-computer-ic-reballing-repair-16-in-1-31-in-1-i366706842.html,www.daraz.com
31 in 1 Repair Tools Kit for Tablet PC Cameras Watches Glasses Laptop | Screw Driver Bit Set | Precision Torx Driver set | Electronic Precise Manual ScrewDriver Tool Set | Mini Disassembly Mobile Phone Opening Tool | CRV BITS Holder,400.0,https://www.daraz.pk/products/31-in-1-repair-tools-kit-for-tablet-pc-cameras-watches-glasses-laptop-screw-driver-bit-set-precision-torx-driver-set-electronic-precise-manual-screwdriver-tool-set-mini-disassembly-mobile-phone-opening-tool-crv-bits-holder-i622900270.html,www.daraz.com
Mechanic Imax 9 Nand Cpu Ic Glue Remover Blade Edge Glue Scraper Ultra Thin Knife 20 in 1 Blade Set by electrica,2592.0,https://www.daraz.pk/products/mechanic-imax-9-nand-cpu-ic-glue-remover-blade-edge-glue-scraper-ultra-thin-knife-20-in-1-blade-set-by-electrica-i538573101.html,www.daraz.com
5 in 1 M8222 Precision Screwdriver Set Multi Color Mobile Android Computer Repair Precision Set Interchangeable Head,426.0,https://www.daraz.pk/products/1-5-m8222-i204876716.html,www.daraz.com
31 In 1 Screwdriver Set Mobile Repair Tool Kit,499.0,https://www.daraz.pk/products/1-31-i389068790.html,www.daraz.com
Mechanic Special Solder Paste XG-50 [35G],608.0,https://www.daraz.pk/products/xg-50-35-i927133364.html,www.daraz.com
"Magnetic Precision Screwdriver Set, 24 In 1 With 24 Piece Mini Pocket Screwdriver Set, Small Repair Set For Mobile Phone/PC/Came",599.0,https://www.daraz.pk/products/1-24-24-i798863147.html,www.daraz.com
20pcs 2-Pin USB Type-C Female Connector Port – SMT/DIP Replacement Jack for Charging Repairs,220.0,https://www.daraz.pk/products/20pcs-2-i943641554.html,www.daraz.com
"Mechanic MC A130 Anti-Static Silicone Duster for Mobile PCB Cleaning, Precision Repair & Electronics Maintenance",687.0,https://www.daraz.pk/products/mechanic-mc-a130-anti-static-silicone-duster-for-mobile-pcb-cleaning-precision-repair-electronics-maintenance-i936733503.html,www.daraz.com
Variety House (VHTJ) | Universal board Holder Stand Stainless Steel 120x80x20mm board Holder Circuit Board Fixture Soldering De-Soldering For Mobile Motherboard BGA SMD Chip Repair Tools,375.0,https://www.daraz.pk/products/10x80-20-bga-smd-i443776700.html,www.daraz.com
"""Pocket Precision Screwdriver Set - 32 in 1 Professional Precision Screwdriver Set for Electronic Repair, Hardware Tool, Mobile Phone Repair Tools Kit, Multipurpose Precision Hardware Screwdriver Hand Tools.""",598.0,https://www.daraz.pk/products/32-1-i926794963.html,www.daraz.com
"Mechanic Su7 UV  Green Curing Solder Mask for PCB & Mobile Motherboard Repair – Quick 3s Dry, Durable Protection",389.0,https://www.daraz.pk/products/7-3-i930799527.html,www.daraz.com
E8000 Strong Liquid Glue for Clothes Leather Jewelry Stationery Phone Screen Earphone Repair DIY Clothes Mobile Phone LCD Touch Screen Shoes Craft Shoe Adhesive Jewelry E8000 Glue,209.0,https://www.daraz.pk/products/e8000-diy-lcd-e8000-i463708238.html,www.daraz.com
"24 in 1 Small Precision Screwdriver Set with Crosshead and Flat Head Durable Small Screwdriver Set Suitable for Magnetic Mini Repair Kits for Repairing Mobile Phones, Computers, and Laptops",550.0,https://www.daraz.pk/products/1-24-i674273675.html,www.daraz.com
Screwdriver Set Mobile Repair Tool Kit,499.0,https://www.daraz.pk/products/-i338739706.html,www.daraz.com
Soldering Iron 40 Watt Best For Mobile & Computer Repairing,520.0,https://www.daraz.pk/products/40-i476110670.html,www.daraz.com
Stainless Steel Tweezer For Mobile phone Repairing,599.0,https://www.daraz.pk/products/-i942889870.html,www.daraz.com
SW-103 CROWBAR 5 In 1 Crowbar Opening Tool Dual End Tool Boot Stick Crowbar Crank-Shaped Wire Winder Nail Puller Opener Tools For Mobile LCD Touch Screen Repairing by Electrica,570.0,https://www.daraz.pk/products/sw-103-crowbar-5-in-1-crowbar-opening-tool-dual-end-tool-boot-stick-crowbar-crank-shaped-wire-winder-nail-puller-opener-tools-for-mobile-lcd-touch-screen-repairing-by-electrica-i629696980.html,www.daraz.com
"25 in 1 Precision Screwdrivers Set,Mini Screwdrivers Repair Tools Kits with Leather Case for Mobile Phone",799.0,https://www.daraz.pk/products/1-25-i213522868.html,www.daraz.com
MECHANIC Motherboard IC Glue Removal Brush for Mobile Phone Repair High Toughness Chip Dust Cleaning Brush Tool,899.0,https://www.daraz.pk/products/mechanic-motherboard-ic-glue-removal-brush-for-mobile-phone-repair-high-toughness-chip-dust-cleaning-brush-tool-i582444278.html,www.daraz.com
"2-in-1 Mini Precision Screwdriver Set, Magnetic Bit Repair Tool Kit, Screwdriver Bit Set, Mobile Phone iPad Camera Maintenance",489.0,https://www.daraz.pk/products/1-2-i833607468.html,www.daraz.com
TE 801 Welding Magnifying Glass 2 LED Auxiliary Clip Magnifier 2 In 1 Hand Soldering Solder Iron Stand Holder Station Soldering Helping Hand Soldering Stand Mobile Repairing Accessories,1548.0,https://www.daraz.pk/products/te-801-welding-magnifying-glass-2-led-auxiliary-clip-magnifier-2-in-1-hand-soldering-solder-iron-stand-holder-station-soldering-helping-hand-soldering-stand-mobile-repairing-accessories-i500844413.html,www.daraz.com
Display Panel for iphone 8 & 8 plus (complete LCD) - Just install n Use!!  [FREE REPAIR TOOLKIT],3850.0,https://www.daraz.pk/products/8-8-lcd-i249462336.html,www.daraz.com
6 in 1 Repair Opening Tool Kit Screwdriver Set Repair Tools Phone Disassemble Mobile Precision Screwdriver P-3001,249.0,https://www.daraz.pk/products/1-6-p-3001-i463285331.html,www.daraz.com
DreamsMart HQ AC 220V 60W soldering iron with light indication for circuit board PCB mobile repairing diy soldering welding solder heating 60w element,849.0,https://www.daraz.pk/products/dreamsmart-hq-ac-220v-60w-soldering-iron-with-light-indication-for-circuit-board-pcb-mobile-repairing-diy-soldering-welding-solder-heating-60w-element-i185660761.html,www.daraz.com
14 in 1 Repair Opening Tool Kit Screwdriver Set Repair Tools Phone Disassemble Mobile,999.0,https://www.daraz.pk/products/1-14-i205856383.html,www.daraz.com
DreamsMart 15mL HWY-800 Soldering Flux Liquid Paste for Stainless Steel Copper Iron Circuit Board Solder Tool Quick Welding,179.0,https://www.daraz.pk/products/dreamsmart-15ml-hwy-800-soldering-flux-liquid-paste-for-stainless-steel-copper-iron-circuit-board-solder-tool-quick-welding-i425360979.html,www.daraz.com
Soldering Iron Heating Element 220volt 40Watts Ceramic Element for Hakku And kada premium quality,347.0,https://www.daraz.pk/products/220-40-i408710422.html,www.daraz.com
Imported Quality Welding Magnifying Glass 2 LED Auxiliary Clip Magnifier 3 In 1 Hand Soldering Solder Iron Stand Holder Station Soldering Helping Hand Soldering Stand Mobile Repairing Accessories TE 801,1599.0,https://www.daraz.pk/products/2-led-1-3-te-801-i208480742.html,www.daraz.com
30ml Caulking Mechanic SP9 Glue Liquid Adhesive White Glue for Android Mobile Phone Curved Touch Screen Repair Repai,886.0,https://www.daraz.pk/products/30-9-i1950341926.html,www.daraz.com
14 in 1 Repair Opening Tool Kit Screwdriver Set Repair Tools Phone Disassemble Mobile,950.0,https://www.daraz.pk/products/1-14-i144804178.html,www.daraz.com
31-IN 1 PRECISION SCREWDRIVER SET MOBILE CELL HAND REPAIR TOOL KIT,399.0,https://www.daraz.pk/products/1-31-i202948469.html,www.daraz.com
Mechanic 15 in 1 MC-UFO Universal 0.3/0.35/0.4/0.5/Parallel/45 Degrees Hole 0.12MM BGA IC Reballing Stencil Direct Heat Template  for Mobile Phone Reballing Repair 15 in 1 by electrica,620.0,https://www.daraz.pk/products/mechanic-15-in-1-mc-ufo-universal-030350405parallel45-degrees-hole-012mm-bga-ic-reballing-stencil-direct-heat-template-for-mobile-phone-reballing-repair-15-in-1-by-electrica-i366687606.html,www.daraz.com
32 in 1 Magnetic Screwdrivers Torx Precision Mini Screwdriver Set Repair Tools Kit For Mobile Phones Tablet PC Laptop Electronics,990.0,https://www.daraz.pk/products/1-32-i457905655.html,www.daraz.com
MECHANIC MC V51 Non-Slip Silicone Soldering Mat  ESD 500℃ Heat-Resistant Silicone Repairing Pad For Mobile Repairing Mat Cell Phone Repair Tool 18*12inch,1900.0,https://www.daraz.pk/products/mc-v51-esd-500-c-1812-i890379663.html,www.daraz.com
Touch Panel For Sharp Aquos R5G Touch Screen Digitizer Repair Replacement Part,3876.0,https://www.daraz.pk/products/r5g-i694232293.html,www.daraz.com
Samsung Galaxy S10 Plus 4G SM-G975 Orignal Battery Back Rear Gorilla Glass Cover Repair Part,950.0,https://www.daraz.pk/products/s10-4g-sm-g975-i135150331.html,www.daraz.com
8in1 Mobile Phone Batterry Repair Tools Kit,999.0,https://www.daraz.pk/products/1-8-i404837859.html,www.daraz.com
"32 In 1 Precision Screwdriver Bit Set Mobile Phone, watches, glasses Repair Kit",499.0,https://www.daraz.pk/products/1-32-i174340014.html,www.daraz.com
TE 804 Magnifying Glass with LED Lighted Auxiliary Clips Alligator Clamp Repair Tools Kit For Soldering Assembly Mobile Reparing,3699.0,https://www.daraz.pk/products/te-804-led-i395196556.html,www.daraz.com
6 in 1 Repair Opening Tool Kit Screwdriver Set Repair Tools Phone Disassemble Mobile Precision Screwdriver P-3001,304.0,https://www.daraz.pk/products/1-6-p-3001-i208462254.html,www.daraz.com
5 in 1 Tool kit Screwdriver Set For All Mobiles Repair,999.0,https://www.daraz.pk/products/5-in-1-tool-kit-screwdriver-set-for-all-mobiles-repair-i285532290.html,www.daraz.com
14 in 1 Repair Opening Tool Kit Screwdriver Set Repair Tools Phone Disassemble Mobile,1068.0,https://www.daraz.pk/products/1-14-i207948683.html,www.daraz.com
16-In-1 Interchangeable Multi Bits Screw Driver Set Repair Tools Set Kit for Mobile Phone Tablet Repair Aisilin No.7395A Kit by Electrica,962.0,https://www.daraz.pk/products/16-in-1-interchangeable-multi-bits-screw-driver-set-repair-tools-set-kit-for-mobile-phone-tablet-repair-aisilin-no7395a-kit-by-electrica-i425779322.html,www.daraz.com
14 in 1 Repair Opening Tool Kit Screwdriver Set Repair Tools Phone Disassemble Mobile,1068.0,https://www.daraz.pk/products/1-14-i207946613.html,www.daraz.com
"SR Traders 10X Handheld Magnifier Glass + 60/70/80/90/100MM Magnifying Glass with Red Wood Handle + For Jewelers, School, Office, Doctors, PCB Circuit Repairing, Mobile Repairing",460.0,https://www.daraz.pk/products/sr-traders-10x-handheld-magnifier-glass-60708090100mm-magnifying-glass-with-red-wood-handle-for-jewelers-school-office-doctors-pcb-circuit-repairing-mobile-repairing-i879215165.html,www.daraz.com
Pink Sim Slot Tray for Infinix Zero 40 - High Precision Metal Repair Part,547.0,https://www.daraz.pk/products/pink-sim-slot-tray-for-infinix-zero-40-high-precision-metal-repair-part-i939397696.html,www.daraz.com
Pink Sim Door for Samsung S23 Ultra - Professional Mobile Repair Part,563.0,https://www.daraz.pk/products/pink-sim-door-for-samsung-ultra-professional-mobile-repair-part-i939860091.html,www.daraz.com
Light Head Magnifying With Led Sharp Light Headband Illuminated Visor Jewelers Loupe Magnifier Headband Glasses With 2 Lens Repair Mobile Laptop Circuits Micro Electric Appliances,1899.0,https://www.daraz.pk/products/light-head-magnifying-with-led-sharp-light-headband-illuminated-visor-jewelers-loupe-magnifier-headband-glasses-with-2-lens-repair-mobile-laptop-circuits-micro-electric-appliances-i927333953.html,www.daraz.com
3.5X 12X Helping Hand Clip LED Light Magnifier Soldering Iron Stand,1299.0,https://www.daraz.pk/products/35x-12x-led-i104466650.html,www.daraz.com
"Replacement 3.5mm 3 Pole Male Repair Headphones Audio Jack Plug Connector with Silver Matel LX1 Housing for Mobile Phone, Portable Music Players and Speaker or DIY Projects Soldering terminals",258.0,https://www.daraz.pk/products/35-3-lx1-diy-i203202842.html,www.daraz.com
Adjustable PCB Circuit Board Holder / Stand – Repairing Tool for Mobile IC Grooves Soldering and Small Circuit Repairing,499.0,https://www.daraz.pk/products/adjustable-pcb-circuit-board-holder-stand-repairing-tool-for-mobile-ic-grooves-soldering-and-small-circuit-repairing-i434662641.html,www.daraz.com
Solder Wire with Flux  0.7mm 100g Fine Soldering Wire Roll,680.0,https://www.daraz.pk/products/07-i343559149.html,www.daraz.com
E8000 Strong Liquid Glue for Clothes Leather Jewelry Stationery Phone Screen Earphone Repair DIY Clothes Mobile Phone LCD Touch Screen Shoes Craft Shoe Adhesive Jewelry E8000 Glue,209.0,https://www.daraz.pk/products/e8000-diy-lcd-e8000-i462206224.html,www.daraz.com
3pcs Soldering Wire 0.1mm PCB Link Jumper Wire Maintenance Jump Line for Mobile Phone Computer PCB Welding Repair Tools by electrica,237.0,https://www.daraz.pk/products/3pcs-soldering-wire-01mm-pcb-link-jumper-wire-maintenance-jump-line-for-mobile-phone-computer-pcb-welding-repair-tools-by-electrica-i490673730.html,www.daraz.com
5 in 1 M8222 Precision Screwdriver Set Multi Color Mobile Android Computer Repair Precision Set Interchangeable Head,533.0,https://www.daraz.pk/products/1-5-m8222-i204884150.html,www.daraz.com
"Modern Adjustable Laptop Table with Moving feature wheels , mobile use or bedside study or eating table, mobile repairing workstation table, office workstation tables, medical use table, mobile gaming and video streaming table",4950.0,https://www.daraz.pk/products/-i684681781.html,www.daraz.com
Variety House (VHTJ) | Silicon Repair Mat for Mobile Repair Heat Insulation,910.0,https://www.daraz.pk/products/vhtj-i457122241.html,www.daraz.com
8 in 1 Repair Opening Tool Kit Screwdriver Set Repair Tools Phone Disassemble Mobile,747.0,https://www.daraz.pk/products/1-8-i118814106.html,www.daraz.com
"Mobile Phone Screen B7000 High-Strength Waterproof Adhesive, Universal Phone Glass Bonding Agent, Repair Point Drill Jewelry Rhinestone DIY Bonding Tool, Anti-Clogging Needle Tube 50ml,1-3pcs.",380.0,https://www.daraz.pk/products/b7000-diy-50-1-3-i1950524005.html,www.daraz.com
MECHANIC IR16 Electric OCA Glue Removal Tool With Dust Lamp Speed Adjustable For Mobile Phone LCD Touch Screen Clean and Repair,3576.0,https://www.daraz.pk/products/ir16-oca-lcd-i490623582.html,www.daraz.com
DreamsMart 50g soldering wire 0.8mm diameter internal core flux economical circuit board soldering mobile repairing solder inner flux wire,399.0,https://www.daraz.pk/products/dreamsmart-50g-soldering-wire-08mm-diameter-internal-core-flux-economical-circuit-board-soldering-mobile-repairing-solder-inner-flux-wire-i185642550.html,www.daraz.com
YIHUA YH-947 5V 9W USB Soldering Iron Handle Min Portable Soldering Station Touch-sensor Power Switch by electrica,1868.0,https://www.daraz.pk/products/yihua-yh-947-5v-9w-usb-soldering-iron-handle-min-portable-soldering-station-touch-sensor-power-switch-by-electrica-i534864015.html,www.daraz.com
2811 14 in 1 Mobile Repair Tools Kit Screwdrivers Set In Pakistan,1250.0,https://www.daraz.pk/products/1-14-i375012790.html,www.daraz.com
31 in 1 Mobile Phone Repair Kit Magnetic Screwdriver Set Large,400.0,https://www.daraz.pk/products/1-31-i461107572.html,www.daraz.com
"Mechanic XGZ40 IPX3 35g Soldering Paste High-Quality Leaded Flux Cream for PCB Rework, SMT & SMD Repair by Electrica",931.0,https://www.daraz.pk/products/mechanic-xgz40-ipx3-35g-soldering-paste-high-quality-leaded-flux-cream-for-pcb-rework-smt-smd-repair-by-electrica-i437580038.html,www.daraz.com
Light Head Magnifying With Led Sharp Light Headband Illuminated Visor Magnifying Glasses Loupe With 4 Lens Repair Mobile Laptop Circuits Micro Electric Appliances,4999.0,https://www.daraz.pk/products/led-4-i316381851.html,www.daraz.com
Mechanic 15in1 MC-UFO 0.3/0.35/0.4/0.5 Universal BGA Stencil for Mobile Phone Reballing Repairing,600.0,https://www.daraz.pk/products/mechanic-15in1-mc-ufo-030350405-universal-bga-stencil-for-mobile-phone-reballing-repairing-i534704109.html,www.daraz.com
MECHANIC 0.3mm HX-T100 Lead-Free Solder Tin Wire 0.4mm N.W 42g Low Melting Point Welding Soldering Wire BGA Repair Tools by Electrica,988.0,https://www.daraz.pk/products/mechanic-03mm-hx-t100-lead-free-solder-tin-wire-04mm-nw-42g-low-melting-point-welding-soldering-wire-bga-repair-tools-by-electrica-i477180940.html,www.daraz.com
30w 40w 220V Soldering Iron Heating Element by Electrica,299.0,https://www.daraz.pk/products/30w-40w-220v-soldering-iron-heating-element-by-electrica-i425773693.html,www.daraz.com
Green Color 10cc Mechanic UV Curing Solder Mask Flux Oil Ink for PCβ BGA Circuit βoard Insulating Protect Soldering Paste,524.0,https://www.daraz.pk/products/10cc-uv-pc90bga-i426811233.html,www.daraz.com
Soldering Helping Hand with LED Magnifier GLASS TE-802,3300.0,https://www.daraz.pk/products/te-802-i913665355.html,www.daraz.com
Infinix Zero X Neo Replacement Back Camera Glass Lens 100% Brand New High-Quality Lens Part for Camera Repair,325.0,https://www.daraz.pk/products/infinix-zero-x-neo-replacement-back-camera-glass-lens-100-brand-new-high-quality-lens-part-for-camera-repair-i337688724.html,www.daraz.com
"50X-500X Portable Digital Microscope Mini Camera Adjustable Magnification Electron Microscope For Students, Laboratory, Mobile Repairing and Kids With Built-in 8 LED Lights Plus Stand For Windows / Mac / Android ( ✅ 14 Days Money Back Guarantee! )",4599.0,https://www.daraz.pk/products/50x-500x-8-led-14-i419716626.html,www.daraz.com
Heat gun 1800 watt imported quality for paint removal welding soldering shrink wrap packing daal packing sugar packing mobile repairing,2566.0,https://www.daraz.pk/products/1800-i454330361.html,www.daraz.com
"New 32-in-1 Magnetic Screwdriver Kit | Precision Mini Tools Set for Mobile Phone, Tablet, Watch, Eyeglasses, and Small Electronics Repair | Portable Multi-Bit Hand Tool Kit with Case",495.0,https://www.daraz.pk/products/32-1-i832568643.html,www.daraz.com
Super 502D 5V 2A Mini DC Power Supply Ammeter for Mobile Phone Repair Tool Ampermetre Power Source Short Circuit Protection Test Tools Set,2583.0,https://www.daraz.pk/products/super-502d-5v-2a-mini-dc-power-supply-ammeter-for-mobile-phone-repair-tool-ampermetre-power-source-short-circuit-protection-test-tools-set-i537894677.html,www.daraz.com
Redmi 10 - Original Camera Glass Repair Replacement Rear Lens Cover,550.0,https://www.daraz.pk/products/redmi-10-original-camera-glass-repair-replacement-rear-lens-cover-i368186778.html,www.daraz.com
"TE-803 2.5X 4X 16X USB LED Magnifying Glass with Adjustable Clamp, Helping Hand Stand & Soldering Iron Holder for PCB Repair and Welding Work – by Electrica",3085.0,https://www.daraz.pk/products/te-803-25x-4x-16x-usb-led-magnifying-glass-with-adjustable-clamp-helping-hand-stand-soldering-iron-holder-for-pcb-repair-and-welding-work-by-electrica-i438017770.html,www.daraz.com
MECHANIC UV Solder Resist Mask 10CC BGA UV Curable Red Blue Black Yellow Green Solder Mask Solder Paste Oil Welding Paste by Electrica,474.0,https://www.daraz.pk/products/mechanic-uv-solder-resist-mask-10cc-bga-uv-curable-red-blue-black-yellow-green-solder-mask-solder-paste-oil-welding-paste-by-electrica-i282765253.html,www.daraz.com
"""Pocket Precision Screwdriver Set - 32 in 1 Professional Precision Screwdriver Set for Electronic Repair, Hardware Tool, Mobile Phone Repair Tools Kit, Multipurpose Precision Hardware Screwdriver Hand Tools.""",520.0,https://www.daraz.pk/products/32-1-i933330308.html,www.daraz.com
TE-800 5X-8X Lens Multifunctional Helping Hand Clip Clamp LED Magnifying Glass Soldering Iron Stand Magnifier Welding Rework Repair Holder Tools,2643.0,https://www.daraz.pk/products/te-800-5x-8x-led-i371915727.html,www.daraz.com
Redmi Mi Note 10 Lite Back Glass Housing Replacement Battery Door Cover Repair Part,753.0,https://www.daraz.pk/products/redmi-mi-note-10-lite-back-glass-housing-replacement-battery-door-cover-repair-part-i476114924.html,www.daraz.com
Universal board Holder Stand Stainless Steel 120x80x20mm board Holder Circuit Board Fixture Soldering De-Soldering For Mobile Motherboard BGA SMD Chip Repair Tools,379.0,https://www.daraz.pk/products/universal-board-holder-stand-stainless-steel-120x80x20mm-board-holder-circuit-board-fixture-soldering-de-soldering-for-mobile-motherboard-bga-smd-chip-repair-tools-i885282247.html,www.daraz.com
Mechanic V210 Electric Soldering Iron - Constant Temperature Electric Welding Solder Pen with Rapid 5s Melting for Phone Repair Tools,6745.0,https://www.daraz.pk/products/v210-5s-i458862331.html,www.daraz.com
31 in 1 Screwdriver Set Mobile Repair Tool Kit,350.0,https://www.daraz.pk/products/1-31-i202342016.html,www.daraz.com
5pcs 6Pin SMD USB-3.1 Type-C Female Socket charging jack type c Connector For High,226.0,https://www.daraz.pk/products/5-6pin-smd-usb-31-c-c-i471407434.html,www.daraz.com
xiaomi Redmi Note 14 Mobile Sim Tray - Green Sim Slot Repair Part,549.0,https://www.daraz.pk/products/xiaomi-redmi-note-14-mobile-sim-tray-green-sim-slot-repair-part-i947734366.html,www.daraz.com
6 Pcs WLXY Precision Art Hobby Knife Set For Crafts Scrapbook & Mobile Repair,300.0,https://www.daraz.pk/products/6-wl-i272968668.html,www.daraz.com
"15cc High-Viscosity Flux Soldering Paste – Weak Acid Injection No-Clean Flux for PCB, SMD, BGA & Mobile Phone Repair – Professional Reballing Solder Paste",195.0,https://www.daraz.pk/products/15cc-i362353029.html,www.daraz.com
8 in 1 Repair Opening Tool Kit Screwdriver Set Repair Tools Phone Disassemble Mobile,747.0,https://www.daraz.pk/products/1-8-i125628613.html,www.daraz.com
B7000 Strong Liquid Glue for Clothes Leather Jewelry Stationery Phone Screen Earphone Repair DIY Clothes Mobile Phone LCD Touch Screen Shoes Craft Shoe Adhesive Jewelry B7000 Glue,219.0,https://www.daraz.pk/products/b7000-diy-lcd-b7000-i462239364.html,www.daraz.com
"Technica Electronic KOOCU X-50 Hyper Adhesive Transparent Glue For DIY Mobile Repairing, Art&Craft, Jewellery Designers, General Purpose Adhesive",400.0,https://www.daraz.pk/products/x-50-diy-i922590453.html,www.daraz.com
32 in 1 Screwdriver Set/ Precision Screwdriver Set/ Mobile Repair Tools Kit/ Multipurpose Precision Screwdriver Set /Hand Tools Set,449.0,https://www.daraz.pk/products/1-32-i453669536.html,www.daraz.com
MECHANIC 800/850 Compound New Eco-friendly PCB Circuit Board Cleaner computer motherboard washing mobile phone repair cleaner,2700.0,https://www.daraz.pk/products/800850-i436156414.html,www.daraz.com
MECHANIC UV Solder Resist Mask 10CC Blue BGA UV Curable Solder Mask Paste for PCB Circuit Board Repair,458.0,https://www.daraz.pk/products/mechanic-uv-solder-resist-mask-10cc-blue-bga-uv-curable-solder-mask-paste-for-pcb-circuit-board-repair-i935071836.html,www.daraz.com
"31 In 1 Screwdriver Tools Set, Fornorm Multicolour Handle Screwdriver Mobile Phone Repair Tool Kit ,",450.0,https://www.daraz.pk/products/1-31-i168024645.html,www.daraz.com
31PC Pagoda Type Universal Screwdriver Multitool Set Manual Combination Maintenance Driver Screw Batch Mobile Phone Repair,425.0,https://www.daraz.pk/products/31-i537776249.html,www.daraz.com
TE-800 Helping Hand Soldering Stand with 5X–8X Magnifier & 5-LED Repairing Workbench Light Tool  Hemofy,2496.0,https://www.daraz.pk/products/te-800-helping-hand-soldering-stand-with-5x8x-magnifier-5-led-repairing-workbench-light-tool-hemofy-i397775006.html,www.daraz.com
"4 Pcs Pack Of Spiral Silicone Cable Protectors Charging Cable Protector Prevent Cable Break For Android, Headphones, Earphones, Pods, Mouse Flexible Cable Wire Organizer Sleeve Repair Pet Bite Cable Wire Identification Cover Type C Cord Adapter Wrap.",124.0,https://www.daraz.pk/products/4-i801135169.html,www.daraz.com
RoseGolden Sim Door for Samsung C5 - Professional Mobile Repair Part,563.0,https://www.daraz.pk/products/rosegolden-sim-door-for-samsung-c5-professional-mobile-repair-part-i939859127.html,www.daraz.com
6 pcs WLXY precision art hobby knife set for crafts scrapbook & Mobile repair,399.0,https://www.daraz.pk/products/6-wl-i353850318.html,www.daraz.com
KADA 8582D+ 2 in 1 Digital Hot Air and Soldering Station SMD SMT Rework Station,12800.0,https://www.daraz.pk/products/kada-8582d-1-2-smd-smt-i448888640.html,www.daraz.com
"Universal SIM Remover Tool Kit - SIM Tray Opener, SIM Jacket Removal, Mobile Repair Tool, Stainless Steel SIM Ejector Pin - Compatible with All Mobiles",19.0,https://www.daraz.pk/products/-i941113166.html,www.daraz.com
Mechanic 10cc Green/Red/Yellow/Blue/White 5 Color UV Curing Solder Mask Ink for PCB BGA Circuit  Board Insulating Protect Soldering Paste Flux Oil,447.0,https://www.daraz.pk/products/10cc-5-uv-pcb-bga-i426795310.html,www.daraz.com
Mechanic 15in1 MC-UFO 0.3/0.35/0.4/0.5 Universal BGA Stencil Hole 0.12MM BGA IC Reballing Stencil Direct Heat Template for Mobile Phone by electrica,625.0,https://www.daraz.pk/products/mechanic-15in1-mc-ufo-030350405-universal-bga-stencil-hole-012mm-bga-ic-reballing-stencil-direct-heat-template-for-mobile-phone-by-electrica-i534302497.html,www.daraz.com
MECHANIC 1.5mm 2.5mm R300 Solder Wick Braided Solder Remover 1.5M Suction Thread Lead Wire BGA Flux Repair Tools by Electrica,418.0,https://www.daraz.pk/products/mechanic-15mm-25mm-r300-solder-wick-braided-solder-remover-15m-suction-thread-lead-wire-bga-flux-repair-tools-by-electrica-i477365588.html,www.daraz.com
KOOCU Universal 0.3/0.35/0.4/0.5/Parallel/45 Degrees Hole 0.12MM BGA IC Reballing Stencil Direct Heat Template for Mobile Phone Reballing Repair 16 in 1 by MREECO,519.0,https://www.daraz.pk/products/1-16-1-16-030350445-05-bga-ic-i561143856.html,www.daraz.com
500°C Heat Resistant Silicone Repairing Mat TE-502 Non Slip Soldering Pad 12×9 Inch | Hemofy |,943.0,https://www.daraz.pk/products/500c-heat-resistant-silicone-repairing-mat-te-502-non-slip-soldering-pad-129-inch-hemofy-i477995407.html,www.daraz.com
"2.5X 7.5X 10X LED Light Helping Hands Magnifier Soldering Station,Magnifying Glass Stand with Auxiliary Clamp and Alligator Clips",1850.0,https://www.daraz.pk/products/25x-75x-10x-led-light-helping-hands-magnifier-soldering-stationmagnifying-glass-stand-with-auxiliary-clamp-and-alligator-clips-i130279374.html,www.daraz.com
Vivo V21e - Original Camera Glass Repair Replacement Rear Lens Cover,370.0,https://www.daraz.pk/products/vivo-v21e-original-camera-glass-repair-replacement-rear-lens-cover-i349967782.html,www.daraz.com
TE-801 TE801 TE 801 Helping Hand Magnifier Glass 2 LED Light Auxiliary Clip With Soldering Stand   In Pakistan,2100.0,https://www.daraz.pk/products/2-led-2-t801-te-te-801-i459392520.html,www.daraz.com
"B6000 E6000 available in different sizes – Multi-Purpose Adhesive Glue for Crafts, Mobile Repair, Jewelry, Fabric & DIY",199.0,https://www.daraz.pk/products/b6000-e6000-available-in-different-sizes-multi-purpose-adhesive-glue-for-crafts-mobile-repair-jewelry-fabric-diy-i633049974.html,www.daraz.com
PCB LIQUID SOLDERING FLUX- LIQUID FLUX FOR PCBs- FLUX LIQUID FOR SOLDERING- FLUX PASTE- SKY BOLT PCB LIQUID SOLDERING FLUX,120.0,https://www.daraz.pk/products/pcb-pcbs-i590929329.html,www.daraz.com
Huawei 8C - Original Camera Glass Repair Replacement Rear Lens Cover,380.0,https://www.daraz.pk/products/huawei-8c-original-camera-glass-repair-replacement-rear-lens-cover-i366386388.html,www.daraz.com
Premium Standard Vivo V27e SIM Tray Jacket Housing Repair Part (Green),646.0,https://www.daraz.pk/products/premium-standard-vivo-v27e-sim-tray-jacket-housing-repair-part-green-i1950905895.html,www.daraz.com
6 in 1 Repair Opening Tool Kit Screwdriver Set Repair Tools Phone Disassemble Mobile Precision Screwdriver P-3001,304.0,https://www.daraz.pk/products/1-6-p-3001-i208468049.html,www.daraz.com
Imported Quality Welding Magnifying Glass 2 LED Auxiliary Clip Magnifier 3 In 1 Hand Soldering Solder Iron Stand Holder Station Soldering Helping Hand Soldering Stand Mobile Repairing Accessories TE 801,1599.0,https://www.daraz.pk/products/2-led-1-3-te-801-i208476712.html,www.daraz.com
Candure Hair Tweezers Sets For Eyebrow and Facial Hairs for Man Woman – Premium Quality Design Color Patterns - Face Body Eyebrows Tiny Hairs Tweezers for Different Purposes Mobile Repairing Electric Stickers Medium Size Makeup Hair Removal Accessories,199.0,https://www.daraz.pk/products/candure-hair-tweezers-sets-for-eyebrow-and-facial-hairs-for-man-woman-premium-quality-design-color-patterns-face-body-eyebrows-tiny-hairs-tweezers-for-different-purposes-mobile-repairing-electric-stickers-medium-size-makeup-hair-removal-accessories-i488374985.html,www.daraz.com
SR Traders Adjustable PCB Circuit Board Holder / Stand – Repairing Tool for Mobile IC Grooves Soldering and Small Circuit Repairing,450.0,https://www.daraz.pk/products/sr-traders-adjustable-pcb-circuit-board-holder-stand-repairing-tool-for-mobile-ic-grooves-soldering-and-small-circuit-repairing-i878751467.html,www.daraz.com
Light Head Magnifying With Led Sharp Light Headband Illuminated Visor Magnifying Glasses Loupe With 4 Lens Repair Mobile Laptop Circuits Micro Electric Appliances,4999.0,https://www.daraz.pk/products/led-4-i335428478.html,www.daraz.com
Magnetic Screwdriver 31 in 1 Screwdriver Set Mobile Repair Tool Kit; Watches Repair Tool Kit; Glasses Repair Tool Kit; Best Quality Screwdriver Tool Kit | Multi-Functional Pocket Screwdriver Set 30 Magnetic Bits and Handle,699.0,https://www.daraz.pk/products/magnetic-screwdriver-31-in-1-screwdriver-set-mobile-repair-tool-kit-watches-repair-tool-kit-glasses-repair-tool-kit-best-quality-screwdriver-tool-kit-multi-functional-pocket-screwdriver-set-30-magnetic-bits-and-handle-i393016198.html,www.daraz.com
24 in 1 Screwdriver Kit Precision Magnetic Drill Detachable Screwdriver Multi-function Mobile Phone Repair Tool,539.0,https://www.daraz.pk/products/1-24-i798863088.html,www.daraz.com
Mechanic MC Magic Tag Solder Pieces Pad Repair Sheet for PCB Mobile IC Repair Welding Tool By Electrica,1060.0,https://www.daraz.pk/products/mechanic-mc-magic-tag-solder-pieces-pad-repair-sheet-for-pcb-mobile-ic-repair-welding-tool-by-electrica-i1950831413.html,www.daraz.com
SR Traders JAKEMY SK05 Silicone Rubber Suction Cup for LCD Screen Repair – Strong PVC Grip for Safe Phone Disassembly,940.0,https://www.daraz.pk/products/sr-traders-jakemy-sk05-silicone-rubber-suction-cup-for-lcd-screen-repair-strong-pvc-grip-for-safe-phone-disassembly-i879843364.html,www.daraz.com
31-in-1 Multifunctional Torx Screwdriver Set Mobile Phone Repair Tool Kit,449.0,https://www.daraz.pk/products/1-31-i166410381.html,www.daraz.com
25 in 1 Multifunctional Screw Driver bit set DIY Mobile Phone Notebook Repair Tools,849.0,https://www.daraz.pk/products/25-in-1-multifunctional-screw-driver-bit-set-diy-mobile-phone-notebook-repair-tools-i222579703.html,www.daraz.com
Soldering Mat Silicone Insulation Work Mat Heat Resistant 932°F Work Bench For Repairing Computer Phone Electronics Watch Laptop Soldering Station Hot Air gunn,2354.0,https://www.daraz.pk/products/932-f-i343294274.html,www.daraz.com
Sim-Card Tray Adapter for Infinix Hot 11 Silver - Complete Repair Kit,553.0,https://www.daraz.pk/products/sim-card-tray-adapter-for-infinix-hot-11-silver-complete-repair-kit-i939872534.html,www.daraz.com
Handheld Magnifing Glass 10X 25mm Stainless Steel + Acrylic Optical Lenses Portable Magnifier with Tweezers for Identification,450.0,https://www.daraz.pk/products/10x-2023-i428608876.html,www.daraz.com
7395A Professional Magnetic Design Screwdriver Set 16 in 1 Multi-functional Repair Tool for Computer Mobile Watch Tool Kit,961.0,https://www.daraz.pk/products/7395a-1-16-i260972025.html,www.daraz.com
SR Traders 31 in 1 - Electronic Precise Manual Screw Driver Tools Set CRV BITS With Holder for Telecommunications - Mobile Repairing Kit - Screwdriver Set,399.0,https://www.daraz.pk/products/sr-traders-31-in-1-electronic-precise-manual-screw-driver-tools-set-crv-bits-with-holder-for-telecommunications-mobile-repairing-kit-screwdriver-set-i871992348.html,www.daraz.com
"31 In 1 Screwdriver Tools Set, Fornorm Multicolour Handle Screwdriver Mobile Phone Repair Tool Kit Professional for Smartphone/Telecommunication",450.0,https://www.daraz.pk/products/1-31-i168018888.html,www.daraz.com
Multifunction 31 in 1 Precision Handle Mini Screw driver set Mobile Phone Watch Laptop Repair Kit Tools Household Accessories,475.0,https://www.daraz.pk/products/1-31-i394271728.html,www.daraz.com
Universal 4 Line Adjustable DC Power Supply Cable Multi-Function Current Test Wire with USB Output and Alligator Clips for Mobile Phone Repair Tools by Electrica,539.0,https://www.daraz.pk/products/universal-4-line-adjustable-dc-power-supply-cable-multi-function-current-test-wire-with-usb-output-and-alligator-clips-for-mobile-phone-repair-tools-by-electrica-i1952489653.html,www.daraz.com
Premium Standard Vivo V40 Pro Tray Jacket Housing Repair Part (White),546.0,https://www.daraz.pk/products/premium-standard-vivo-v40-pro-tray-jacket-housing-repair-part-white-i1949225888.html,www.daraz.com
Kada Power Supply 0V-15V 2.0 Ampere Regulator / Adjustable for Mobile Repairing Digital & Analog KADA Adjustable Digital Power Supply - Regulator Power Supply For Mobile Repairing Note random color will be deliver,4813.0,https://www.daraz.pk/products/kada-0v-15v-20-kada-i409986902.html,www.daraz.com
60W Adjustable Temperature Soldering Iron ESD Safe Variable Temperature Control 220V/60Watt Round Tip,1198.0,https://www.daraz.pk/products/60-esd-220-60-i460666374.html,www.daraz.com
Screwdrivers Torx Mini Screwdriver Set Precision Screwdriver Set Repair Tools Kit for Mobile Phones Tablet PC,999.0,https://www.daraz.pk/products/-i121164753.html,www.daraz.com
1 Piece Octopus Rubber Repair Opening Tool Kit Phone Disassemble Mobile Screen Remover Silicon Suction Cup Stand,199.0,https://www.daraz.pk/products/1-i208462811.html,www.daraz.com
Mechanic ZW50 Solder Paste for BGA Tin Planting Welding Mobile Phone BGA CPU PCB Repair Soldering Tool,940.0,https://www.daraz.pk/products/zw50-bga-bga-cpu-pcb-i480826898.html,www.daraz.com
2pcs Eyelashes Tweezers Stainless Steel superhard Tweezers High Precision Anti-static tweezers for Eyelash Extensions Brand New Made in Stainless steel Easy to use Use for repair Mobile and lash Best Griping,499.0,https://www.daraz.pk/products/2-i397570410.html,www.daraz.com
New 31 in 1 Repair Tools Kit for Tablet PC Cameras Watches Glasses Laptop | Screw Driver Bit Set | Precision Torx Driver set | Electronic Precise Manual ScrewDriver Tool Set | Mini Disassembly Mobile Phone Opening Tool | CRV BITS Holder,498.0,https://www.daraz.pk/products/1-31-crv-i601021602.html,www.daraz.com
1 Piece Octopus Rubber Repair Opening Tool Kit Phone Disassemble Mobile Screen Remover Silicon Suction Cup Stand,199.0,https://www.daraz.pk/products/1-i208472577.html,www.daraz.com
"Universal P C B Board Holder Repair Tool Motherboard, phone Circuit Board Repair Soldering Clamp Fixture Stand",465.0,https://www.daraz.pk/products/p-c-b-i365998420.html,www.daraz.com
MECHANIC V41 Insulation Silicone Repair Mat High Heat Resistance Work Pad for Phone PCB BGA ESD Solder Welding Repair Mat,1025.0,https://www.daraz.pk/products/41-i926968888.html,www.daraz.com
Titan TN1502DA 15V 2A Regulated Digital Power Supply Unit with Volt-Meter & Amp-Meter Dual Display for Mobile/PCB Repair – by Electrica,4627.0,https://www.daraz.pk/products/titan-tn1502da-15v-2a-regulated-digital-power-supply-unit-with-volt-meter-amp-meter-dual-display-for-mobilepcb-repair-by-electrica-i595371092.html,www.daraz.com
MECHANIC R7 Phone Repair Adhesive 60ml Black/Transparent Flame-retardant Repair Glue Non-corrosive Phone Frame Back Cover Repair,600.0,https://www.daraz.pk/products/r7-60-i924683386.html,www.daraz.com
MC SU7 WHITE UV CURING MASKING PASTE,399.0,https://www.daraz.pk/products/mc-su7-uv-i911877252.html,www.daraz.com
Amaoe Universal Stencil BGA IC Reballing Stencil 0.3 0.35 0.4 0.5mm Parallel 45 Degree Hole Misaligned in Pakistan,1349.0,https://www.daraz.pk/products/amaoe-bga-ic-03-45-i415868392.html,www.daraz.com
"Pack of 2 Mobile Tool Set & Watch Maker Kit – 31-in-1 Jackly Screwdriver Tool Kit + JYD 5 Pcs Repair Tools | Stainless Steel, Durable & Portable | Multicolor, High Quality Hardware Tools for Mobile & Watch Repair",1499.0,https://www.daraz.pk/products/2-1-31-jyd-5-i2590813.html,www.daraz.com
Spare Sim Holder Slot for Samsung A5 2016 Silver - DIY Repair Part,558.0,https://www.daraz.pk/products/spare-sim-holder-slot-for-samsung-a5-2016-silver-diy-repair-part-i939831269.html,www.daraz.com
5pcs Mobile micro USB SMD data charging Connector jack,226.0,https://www.daraz.pk/products/5-usb-smd-i289464756.html,www.daraz.com
"4 Pcs Pack Of Spiral Silicone Cable Protectors Charging Cable Protector Prevent Cable Break For Android, Headphones, Earphones, Pods, Mouse Flexible Cable Wire Organizer Sleeve Repair Pet Bite Cable Wire Identification Cover Type C Cord Adapter Wrap",99.0,https://www.daraz.pk/products/4-c-i785871465.html,www.daraz.com
E8000 Strong Liquid Glue for Clothes Leather Jewelry Stationery Phone Screen Earphone Repair DIY Clothes Mobile Phone LCD Touch Screen Shoes Craft Shoe Adhesive Jewelry E8000 Glue,217.0,https://www.daraz.pk/products/e8000-diy-lcd-e8000-i464013095.html,www.daraz.com
Glass Pump/push Liquid 150ml Bottle For Phone Repair,1364.0,https://www.daraz.pk/products/150-i390565518.html,www.daraz.com
Big 31-piece Computer Watch Eyeglasses screwdriver set Mobile maintenance tool Precision Mini screwdriver tool Screwdriver tool Precision screwdriver set Mini screwdriver tool Mobile maintenance tool kit Watch repair tools Eyeglasses repair kit,460.0,https://www.daraz.pk/products/31-i561535759.html,www.daraz.com
"Instaorder TE-802 360 Degree Rotation Soldering Helping Hand Clips LED Magnifying Glass | Mobile Phone Motherboard Repair Tool Table | For Precision Work ,Electronics Work  &   Small Electronics",4444.0,https://www.daraz.pk/products/instaorder-360-degree-rotation-soldering-helping-hand-clips-led-magnifying-glass-mobile-phone-motherboard-repair-tool-table-for-precision-work-electronics-work-small-electronics-i945567479.html,www.daraz.com
"24 In 1 Mini Precision Screwdriver Set with Magnetic Head & S2 Steel Bits for Mobile Phone, Tablet, PC & Household Repair Tool Kit - Black",539.0,https://www.daraz.pk/products/1-24-i798878043.html,www.daraz.com
TE-800 Welding magnifying glass 5X-8X Lens with lamp auxiliary fixture with soldering iron frame welding magnifying glass workbench repair lamp Tool,2420.0,https://www.daraz.pk/products/te-800-welding-magnifying-glass-5x-8x-lens-with-lamp-auxiliary-fixture-with-soldering-iron-frame-welding-magnifying-glass-workbench-repair-lamp-tool-i371916981.html,www.daraz.com
E8000 Strong Liquid Glue for Clothes Leather Jewelry Stationery Phone Screen Earphone Repair DIY Clothes Mobile Phone LCD Touch Screen Shoes Craft Shoe Adhesive Jewelry E8000 Glue,214.0,https://www.daraz.pk/products/e8000-diy-lcd-e8000-i475475372.html,www.daraz.com
Screw Driver set 31-in-1 Professional Hardware multifunction screwdriver mobile phone computer repair,499.0,https://www.daraz.pk/products/1-31-i422420414.html,www.daraz.com
KOOCU TE-01 Universal Double-sided Phone Repair Tool Disassembly Blades Pry Opening Tool Metal Crowbar Disassemble Kit Phone Spatula Hand Tool by electrica,258.0,https://www.daraz.pk/products/koocu-te-01-universal-double-sided-phone-repair-tool-disassembly-blades-pry-opening-tool-metal-crowbar-disassemble-kit-phone-spatula-hand-tool-by-electrica-i547281855.html,www.daraz.com
Silver Sim Door for Tecno Spark Go 2024 - Professional Mobile Repair Part,563.0,https://www.daraz.pk/products/silver-sim-door-for-tecno-spark-go-2024-professional-mobile-repair-part-i939859193.html,www.daraz.com
Mechanic 6 Color 10ml UV Curing Solder Mask Paste Ink for PCB BGA Circuit Board Insulating Protect Soldering Paste Flux Oil,480.0,https://www.daraz.pk/products/6-10-uv-pcb-bga-i457909615.html,www.daraz.com
Seamless Integration Vivo V40 Tray Jacket Repair Component (Purple),550.0,https://www.daraz.pk/products/seamless-integration-vivo-v40-tray-jacket-repair-component-purple-i1949394086.html,www.daraz.com
"24-in-1 Precision Screwdriver Set  Magnetic Multi-Tool Repair Kit for Mobile, Laptop, Watch & Electronics",699.0,https://www.daraz.pk/products/1-24-i1946855932.html,www.daraz.com
Soldering Mat Silicone Insulation Work Mat Heat Resistant 932°F Work Bench For Repairing Computer Phone Electronics Watch Laptop Soldering Station Hot Air gunn,2675.0,https://www.daraz.pk/products/932-f-i278331076.html,www.daraz.com
"Silicon Repair Mat Heat Insulation Maintenance Platform Soldering Station Repair Working Thick Reapiring Mat 500 Degree Tolerance Mobile Board Panel LCD Repair Professional Tools for Laminating machine, for Remover Bubble machine power tool accessory",1640.0,https://www.daraz.pk/products/500-lcd-i395607731.html,www.daraz.com
SOLDEX Liquid Soldering Flux Bottle for PCB Repair Welding Mobile Fixing High Performance Flux by Electrica,336.0,https://www.daraz.pk/products/soldex-liquid-soldering-flux-bottle-for-pcb-repair-welding-mobile-fixing-high-performance-flux-by-electrica-i1951214948.html,www.daraz.com
Universal Set Dismountable Antiskid Handle Multifunction Repair 31 In 1 Precision Handle Screwdriver Set Mobile Phone Repair Kit Pliers,446.0,https://www.daraz.pk/products/universal-set-dismountable-antiskid-handle-multifunction-repair-31-in-1-precision-handle-screwdriver-set-mobile-phone-repair-kit-pliers-i353481913.html,www.daraz.com
Soldering Bit 900M Series Soldering Iron TIP Shape IS PURE COPPER HAKKO KADA,282.0,https://www.daraz.pk/products/900m-i410499856.html,www.daraz.com
HWY-800 Soldering Flux (25ml) – High-Quality Liquid Paste for Stainless Steel & Quick Welding,289.0,https://www.daraz.pk/products/hwy-800-soldering-flux-25ml-high-quality-liquid-paste-for-stainless-steel-quick-welding-i841766404.html,www.daraz.com
"MC 900M-TIS Steel Soldering Iron Tip – Durable, Precision, Fast Heating Replacement Tip",399.0,https://www.daraz.pk/products/mc-900m-tis-i926935324.html,www.daraz.com
"MECHANIC T9000 (2-PIECES) PURE WHITE GLUE 50ML | Adhesive Full White 50ml Glue For Mobile Phone Repairing, Tablet, LCD, Back Panel Fixing, Jewelry, Toy, Stones, Glass, Wood, Flower, Leather, PVC, Handicrafts, Plastic, Glue Gum | Mughal G Mobiles PK",1200.0,https://www.daraz.pk/products/mechanic-t9000-2-pieces-pure-white-glue-50ml-adhesive-full-white-50ml-glue-for-mobile-phone-repairing-tablet-lcd-back-panel-fixing-jewelry-toy-stones-glass-wood-flower-leather-pvc-handicrafts-plastic-glue-gum-mughal-g-mobiles-pk-i520403047.html,www.daraz.com
"High-quality 2UUL copper solder wick – fast, clean & efficient desoldering for PCB repair.",399.0,https://www.daraz.pk/products/2uul-i920097289.html,www.daraz.com
14 in 1 Repair Opening Tool Kit Screwdriver Set Repair Tools Phone Disassemble Mobile,854.0,https://www.daraz.pk/products/1-14-i205888205.html,www.daraz.com
Mini Electric Shock Grip Toy for Teenager Adult Funny Prank Key Chain Safety Voltage Harmless Durable Eco-friendly Toys Student,449.0,https://www.daraz.pk/products/-i590475149.html,www.daraz.com
Sim-Card Tray Adapter for Tecno Spark 10c Blue - Complete Repair Kit,553.0,https://www.daraz.pk/products/sim-card-tray-adapter-for-tecno-spark-10c-blue-complete-repair-kit-i939868766.html,www.daraz.com
7395A Professional Magnetic Design Screwdriver Set 16 in 1 Multi-functional Repair Tool for Computer Mobile Watch Tool Kit,961.0,https://www.daraz.pk/products/7395a-1-16-i399374966.html,www.daraz.com
SW 1688 Versatile Screwdrivers Set Precision Screwdriver For Mobile Phone Repairing,980.0,https://www.daraz.pk/products/sw-1688-i349673612.html,www.daraz.com
MECHANIC UV50 No-Clean Solder Flux Solder paste Circuit Board IC Repair Welding Oil Soldering Iron Flux For BGA/PGA/SMD,550.0,https://www.daraz.pk/products/uv50-ic-bgapgasmd-i301249250.html,www.daraz.com
"31 In 1 Precision Handle Screwdriver Set Mobile Phone, watches, glasses Repair Kit",499.0,https://www.daraz.pk/products/1-31-i459035025.html,www.daraz.com
"MECHANIC SU7 UV Instant Curing Green Solder Mask Ink for PCB & Mobile Motherboard Repair – Quick 3s Dry, Durable Protection by Electrica",490.0,https://www.daraz.pk/products/mechanic-su7-uv-instant-curing-green-solder-mask-ink-for-pcb-mobile-motherboard-repair-quick-3s-dry-durable-protection-by-electrica-i621165579.html,www.daraz.com
Samsung Galaxy S6 Edge Touch Glass Repair (Not Panel),1899.0,https://www.daraz.pk/products/s6-i498112383.html,www.daraz.com
"TE-022 Stainless Steel LCD Screen Opening Tool, Mobile Phone Opening Thin Card Disassembling Blade, for Smartphone Repair Tool",472.0,https://www.daraz.pk/products/te-022-lcd-i366552743.html,www.daraz.com
Samsung Galaxy S8 Plus Touch Glass Repair (Not Panel),1999.0,https://www.daraz.pk/products/4-i376724832.html,www.daraz.com
"Screen Cleaning Kit Spray, Towel and Brush for Laptops  3 in 1 Screen Cleaning Kit with Brush and Micro Cloth for PC, Laptops, LCD, LED, Mobiles & TV Mini Mobile Phone & Tablet Screen Smartphone keyboard Cleaning Kit with Liquid Cleaner Note random color",699.0,https://www.daraz.pk/products/1-3-lcd-led-tv-i409654360.html,www.daraz.com
Gray Sim Door for Samsung S21 - Professional Mobile Repair Part,563.0,https://www.daraz.pk/products/gray-sim-door-for-samsung-professional-mobile-repair-part-i939855347.html,www.daraz.com
"Modern Bedside Laptop and study table  with Storage Shelf ,  Compact Overbed Rolling and height adjustable Desk table, Charging workstation tables, mobile repairing workstation tables, medical hospital patient use table and multi-uses table",5300.0,https://www.daraz.pk/products/-i684719035.html,www.daraz.com
MECHANIC Solder Paste XGSP50/VB545/XG50 BGA Paste 183/138 degree,799.0,https://www.daraz.pk/products/mechanic-solder-paste-xgsp50vb545xg-50-bga-paste-183138-degree-i432860895.html,www.daraz.com
Samsung S21 Ultra - Original Camera Glass Repair Replacement Rear Lens Cover,599.0,https://www.daraz.pk/products/samsung-ultra-original-camera-glass-repair-replacement-rear-lens-cover-i368469001.html,www.daraz.com
Black Sim Door for OnePlus 7 Pro - Professional Mobile Repair Part,563.0,https://www.daraz.pk/products/black-sim-door-for-oneplus-7-pro-professional-mobile-repair-part-i939855202.html,www.daraz.com
"KOOCU B7000 (50ML/1.68) fl.oz Multi-Purpose Glue - Strong Adhesive for Mobile Phones, Shoes, Jewelry, Clothes, Beads, Glass, Stones, Aari Work, Crafts, DIY Repairs - Bonds Fabric, Metal, Wood, and Plastic",225.0,https://www.daraz.pk/products/b7000-50-168-fl-diy-i922571946.html,www.daraz.com
S-160 Magnetic Heat-resistant Soldering Mat Silicone Heat Gun BGA Soldering Station Insulation Pad Repair Tools For Mobile stationary craft supplies shop office and school project,3000.0,https://www.daraz.pk/products/s-160-bga-i423259472.html,www.daraz.com
Master Steel Brush Anti-Static For Motherboard PCB IC Pad Cleaning Solder Oil Brush Mobile Phone Repair Tool MECHANIC,1099.0,https://www.daraz.pk/products/-i455254748.html,www.daraz.com
530 Electronics Products Environmental Friendly spray Cleaner Mobile Phone Repair LCD Screen cleaning remove glue quickly 530 spray ORG,1222.0,https://www.daraz.pk/products/530-530-org-i390196049.html,www.daraz.com
Oppo A52 - Original Camera Glass Repair Replacement Rear Lens Cover,210.0,https://www.daraz.pk/products/oppo-a52-original-camera-glass-repair-replacement-rear-lens-cover-i366438101.html,www.daraz.com
Electrica RMA-UV10 10cc BGA Flux Paste for Solder Station and Soldering Iron - Enhanced Halogen-Free Soldering Flux Paste for Improved Repairing Tools,850.0,https://www.daraz.pk/products/rma-uv10-10cc-bga-i458977805.html,www.daraz.com
Model 91025 28 in 1 Multipurpose Precision Magnetic Ratchet Screwdriver Repair Tools Kit for Electronics Computer Tablet Cell phone Repair Mobile Phone Home Appliance Repair Disassembly Corrosion Resistance Antirust,1603.0,https://www.daraz.pk/products/1-28-i262783545.html,www.daraz.com
"Redmi Note 10 Pro Complete Body Replacement with Button and Camera Lens , Complete Housing For Redmi Note 10 Pro",2499.0,https://www.daraz.pk/products/redmi-note-10-pro-complete-body-replacement-with-button-and-camera-lens-complete-housing-for-redmi-note-10-pro-i914980073.html,www.daraz.com
Samsung Galaxy S10 4G SM-G973  Orignal Battery Back Rear Gorilla Glass Cover Repair Part,950.0,https://www.daraz.pk/products/s10-4g-sm-g973-i135152298.html,www.daraz.com
"Tecno Camon 19 Neo Dual Tray SIM Slot Replacement Black, SIM Door, and Tray for Mobile Repair _ Black",749.0,https://www.daraz.pk/products/19-_-i932557830.html,www.daraz.com
"Instaorder TE-802 360 Degree Rotation Soldering Helping Hand Clips LED Magnifying Glass | Mobile Phone Motherboard Repair Tool Table | For Precision Work ,Electronics Work  &   Small Electronics",4999.0,https://www.daraz.pk/products/instaorder-360-degree-rotation-soldering-helping-hand-clips-led-magnifying-glass-mobile-phone-motherboard-repair-tool-table-for-precision-work-electronics-work-small-electronics-i566578999.html,www.daraz.com
Imported Quality Welding Magnifying Glass 2 LED Auxiliary Clip Magnifier 3 In 1 Hand Soldering Solder Iron Stand Holder Station Soldering Helping Hand Soldering Stand Mobile Repairing Accessories TE 801,1599.0,https://www.daraz.pk/products/2-led-1-3-te-801-i412895439.html,www.daraz.com
"HIgh Quality Stainless Steel BP Handle with 10 Carbon Steel Blades - Precision Tool Set for Mobile Repair, Paper Cutting & Multi-Purpose Scissors Sabtain Collection",299.0,https://www.daraz.pk/products/bp-10-i560356374.html,www.daraz.com
Roll Flux Solder Wire Reel Solder Wire Tin 0.8Mm 15g/50g/100g Tin Lead Line Soldering Wire| 24-7 STORE,148.0,https://www.daraz.pk/products/08-15-50-100-24-7-i218358006.html,www.daraz.com
KC B7000 Glue 50ml Strong Multi Purpose Adhesive for Mobile Repair,243.0,https://www.daraz.pk/products/kc-b7000-50ml-i1953684629.html,www.daraz.com
Mechanic DS6 40g 0.4mm for Electronic Soldering Iron Welding High Purity No-clean Rosin Solder Wire by Electrica,436.0,https://www.daraz.pk/products/mechanic-ds6-40g-04mm-for-electronic-soldering-iron-welding-high-purity-no-clean-rosin-solder-wire-by-electrica-i689728732.html,www.daraz.com
Sim-Card Tray Adapter for Infinix Hot 50 Pro Plus Black - Complete Repair Kit,553.0,https://www.daraz.pk/products/sim-card-tray-adapter-for-infinix-hot-50-pro-plus-black-complete-repair-kit-i939878158.html,www.daraz.com
KAISI  T9000 58ML screen repair black glue curling edge tilting screen middle frame point drill needle plug needle glue far better than e8000,422.0,https://www.daraz.pk/products/kaisi-t9000-58ml-8000-i406948951.html,www.daraz.com
Vivo Y20/Y20S Replacement Back Glass Housing Battery Door with Back Cover for Repair,673.0,https://www.daraz.pk/products/vivo-y20y20s-replacement-back-glass-housing-battery-door-with-back-cover-for-repair-i476740442.html,www.daraz.com
"31 In 1 Precision Handle Screwdriver Set Mobile Phone, watches, glasses Repair Kit",399.0,https://www.daraz.pk/products/1-31-i130428900.html,www.daraz.com
iPhone 12 Pro Max Back Camera Lens Glass - Scratch Resistant High Transparency Glass - Original Quality Camera Protector Repair Part,650.0,https://www.daraz.pk/products/12-i946945991.html,www.daraz.com
25 in 1 multifunctional screw driver bit set DIY mobile phone notebook repair tools wholesale,870.0,https://www.daraz.pk/products/1-25-diy-i174368884.html,www.daraz.com
TE-800 2.5X 7.5X 10X Precision Electronic Components Maintenance Assistant Magnifier with 5 Led Light Adjustable Clamp,2000.0,https://www.daraz.pk/products/5-led-te-800-25x-75x-10x-i269272125.html,www.daraz.com
2pcs Back Cover Screw for iPhone X/XS/XR/MAX/11 12 13 Pro 14 Bottom Dock Connector Pentalobe Screws,230.0,https://www.daraz.pk/products/2-xxsxr11-12-13-14-i436336296.html,www.daraz.com
"New 32-in-1 Compact Screwdriver Set | Magnetic Mini Bits Tool Kit for Mobile, Laptop, Glasses, Watches | Precision Repair Tools in Lightweight Box for Easy Carry",596.0,https://www.daraz.pk/products/1-32-i832671046.html,www.daraz.com
Samsung Galaxy S7 Orignal Battery Back Rear Gorilla Glass Cover Repair Part _Black,950.0,https://www.daraz.pk/products/s7-i135148609.html,www.daraz.com
BGA rework knife Mobile phone disassembly tool Chip IC knife Glue removal tool Main board repair tool,2500.0,https://www.daraz.pk/products/bga-rework-knife-mobile-phone-disassembly-tool-chip-ic-knife-glue-removal-tool-main-board-repair-tool-i416305577.html,www.daraz.com
10pcs/50pcs/100pcs T2 i550 Micro USB Type B Female 5Pin SMT Socket Jack Connector For Smart Phones,422.0,https://www.daraz.pk/products/10pcs50pcs100pcs-t2-i550-micro-usb-type-b-female-5pin-smt-socket-jack-connector-for-smart-phones-i432059705.html,www.daraz.com
Sim-Card Tray Adapter for Infinix Hot 6 X606 Golden - Complete Repair Kit,553.0,https://www.daraz.pk/products/sim-card-tray-adapter-for-infinix-hot-6-x606-golden-complete-repair-kit-i939877246.html,www.daraz.com
Huawei Honor 8X Back Housing/Battery Back Rear Gorilla Glass Cover Repair Part.,840.0,https://www.daraz.pk/products/8x-i135150377.html,www.daraz.com
1 Piece Rubber Repair Opening Tool Kit Phone Disassemble Mobile Screen Remover Silicon Suction Cup Stand,195.0,https://www.daraz.pk/products/1-i208456837.html,www.daraz.com
