global_category_match,final_match_score,recommended_price,price,average_price,confidence_score,pricing_status,source
0.12403100775193798,0.10334374638435728,599.0,599.0,599.0,0.048367810252714284,weak match,https://www.daraz.pk/products/1-32-i833609269.html
0.14388489208633093,0.11588729016786571,559.0,559.0,559.0,0.05753196732134719,weak match,https://www.daraz.pk/products/1-32-i833609556.html
0.15748031496062992,0.1357193987115247,449.0,449.0,449.0,0.05411901422866305,weak match,https://www.daraz.pk/products/1-32-i146654990.html
0.13333333333333333,0.08606060606060606,839.0,839.0,839.0,0.0219355185962646,weak match,https://www.daraz.pk/products/sw-1030-tool-set-driver-set-for-opening-mobile-tablet-laptop-repair-kit-for-mobile-repairing-i539897754.html
0.08737864077669903,0.08044908664243317,512.0,512.0,512.0,0.036580756981284,weak match,https://www.daraz.pk/products/1-24-1-25-i909619149.html
0.08571428571428572,0.08394088669950739,397.0,397.0,397.0,0.02959549912940003,weak match,https://www.daraz.pk/products/b6000-b7000-e8000-diy-i947289109.html
0.14102564102564102,0.1234910017518713,1026.0,1026.0,1026.0,0.01096722928524612,inconsistent pricing,https://www.daraz.pk/products/sw-1688-and-sw-2811-14-in-1-screwdrivers-mobile-repairing-tool-kit-screwdriver-set-repair-tools-phone-disassemble-mobile-hand-tool-by-electrica-i631733949.html
0.19444444444444445,0.15569985569985567,999.0,999.0,999.0,0.01756117377787005,inconsistent pricing,https://www.daraz.pk/products/40-i406106103.html
0.33962264150943394,0.21860767729342875,199.0,199.0,199.0,0.038634926981698334,inconsistent pricing,https://www.daraz.pk/products/7-in-1-mobile-phone-repair-tool-kit-ht18-i1946870820.html
0.1267605633802817,0.10784708249496981,510.0,510.0,510.0,0.048847257613174606,weak match,https://www.daraz.pk/products/1-24-cwrry-i846537803.html
0.08163265306122448,0.08065306122448979,399.0,399.0,399.0,0.028579548337985282,weak match,https://www.daraz.pk/products/1-31-crv-i566323550.html
0.07782101167315175,0.0677696260433065,175.0,175.0,175.0,0.010532579536037865,inconsistent pricing,https://www.daraz.pk/products/1-3-i1952730041.html
0.08737864077669903,0.08044908664243317,562.0,562.0,562.0,0.04015309653023751,weak match,https://www.daraz.pk/products/24-in-1-magnetic-precision-screwdriver-set-multi-function-repair-tool-kit-for-mobile-laptop-watch-glasses-electronics-professional-precision-kit-for-repairing-25-in-1-screwdriver-kit-i1947739637.html
0.1360544217687075,0.09389545291800931,527.0,527.0,527.0,0.04394574039768286,weak match,https://www.daraz.pk/products/1-24-i1949880002.html
0.15254237288135594,0.12930963207937163,221.0,221.0,221.0,0.025379599191421964,inconsistent pricing,https://www.daraz.pk/products/6-1-p-30-vr-01-i428521942.html
0.17142857142857143,0.11657142857142858,499.0,499.0,499.0,0.05165998477543771,weak match,https://www.daraz.pk/products/mechanic-uv-559-soldering-flux-paste-for-mobile-repairing-i885263788.html
0.16216216216216217,0.11658900279589934,720.0,720.0,720.0,0.04203830829052854,weak match,https://www.daraz.pk/products/kc-5-1-900m-i1950761650.html
0.14285714285714285,0.11107544141252006,570.0,570.0,570.0,0.054847198423944185,weak match,https://www.daraz.pk/products/universal-magnetic-screwdriver-set-31_in_-mobile-repair-mini-tool-kit-i393728901.html
0.10362694300518134,0.08387501962631497,519.0,519.0,519.0,0.03865997796275086,weak match,https://www.daraz.pk/products/universal-4-line-adjustable-dc-power-supply-cable-multi-function-current-test-wire-with-usb-output-and-alligator-clips-for-mobile-phone-repair-tools-iphoneandroid-by-electrica-i475144391.html
0.17054263565891473,0.0771722781441629,750.0,750.0,750.0,0.02576978382078619,weak match,https://www.daraz.pk/products/dt-002-i1949128762.html
0.15873015873015872,0.07265236883557494,430.0,430.0,430.0,0.027744687921223112,weak match,https://www.daraz.pk/products/32-1-i938636665.html
0.09090909090909091,0.0954769368562472,1699.0,1699.0,1699.0,0.0,inconsistent pricing,https://www.daraz.pk/products/801-2-3-1-i457911962.html
0.2191780821917808,0.17997892518440464,2999.0,2999.0,2999.0,0.0,inconsistent pricing,https://www.daraz.pk/products/45x30cm-i224229087.html
0.08737864077669903,0.08044908664243317,543.0,543.0,543.0,0.03879560750163518,weak match,https://www.daraz.pk/products/24-in-1-magnetic-precision-screwdriver-set-multi-function-repair-tool-kit-for-mobile-laptop-watch-glasses-electronics-professional-precision-kit-for-repairing-25-in-1-screwdriver-kit-i1950101613.html
0.08737864077669903,0.08044908664243317,562.0,562.0,562.0,0.04015309653023751,weak match,https://www.daraz.pk/products/24-in-1-magnetic-precision-screwdriver-set-multi-function-repair-tool-kit-for-mobile-laptop-watch-glasses-electronics-professional-precision-kit-for-repairing-25-in-1-screwdriver-kit-i1947769501.html
0.23728813559322035,0.18866525423728814,1999.0,1999.0,1999.0,0.0,inconsistent pricing,https://www.daraz.pk/products/24-5a-i539887102.html
0.08284023668639054,0.08141195674352172,499.0,499.0,499.0,0.03607865578598343,weak match,https://www.daraz.pk/products/instaorder-31-in-1-electronic-precise-manual-screw-driver-tools-set-crv-bits-with-holder-for-telecommunications-mobile-repairing-kit-screwdriver-set-i358186997.html
0.11976047904191617,0.09674140091909206,969.0,969.0,969.0,0.013488809897244628,inconsistent pricing,https://www.daraz.pk/products/mechanic-v52-silicone-soldering-mat-320228mm-500c-heat-resistant-esd-repair-pad-with-parts-organizer-for-mobile-phone-repairing-workbench-by-electrica-i481677396.html
0.2153846153846154,0.15472527472527473,299.0,299.0,299.0,0.041086018776960165,weak match,https://www.daraz.pk/products/8-1-sw-6308a-i945687247.html
0.125,0.12272727272727273,899.0,899.0,899.0,0.024741643791377364,weak match,https://www.daraz.pk/products/6pcs-universal-mobile-phone-repair-opening-tool-metal-steel-kits-pry-disassemble-phone-repair-dismantling-crowbar-hand-tool-set-te-666-by-electrica-i887199676.html
0.18867924528301888,0.17276899541050486,320.0,320.0,320.0,0.04909953688398006,weak match,https://www.daraz.pk/products/mobile-repairing-tools-6-in-1-packbest-quality-scrowdriver-set-for-all-mobile-repairing-use-i923078860.html
0.11650485436893204,0.10916118345373395,865.0,865.0,865.0,0.025302903091851296,weak match,https://www.daraz.pk/products/mechanic-mobile-phone-computer-repair-workbench-table-mat-multifunctional-magnetic-esd-500-temperature-heat-insulation-silicone-mat-for-mobile-repairing-mat-cell-phone-repair-tool-by-electrica-i242881424.html
0.11904761904761904,0.09617396091384531,198.0,198.0,198.0,0.01691158460119127,inconsistent pricing,https://www.daraz.pk/products/abs-i1950192849.html
0.054901960784313725,0.07273001508295626,264.0,264.0,264.0,0.01705215273703415,weak match,https://www.daraz.pk/products/mix-original-mechanic-products-10ml-uv-curing-solder-mask-uv-light-dt3-cable-tester-glue-remover-soldering-wire-soldering-paste-solder-wick-mc-ufo-universal-stencil-and-heat-insulation-silicone-mat-for-mobile-repairing-multicolor-by-electrica-i254997026.html
0.33962264150943394,0.21860767729342875,240.0,240.0,240.0,0.046594886812098495,weak match,https://www.daraz.pk/products/1-7-ht18-i738382268.html
0.24390243902439024,0.19411269974768713,1750.0,1750.0,1750.0,0.0,inconsistent pricing,https://www.daraz.pk/products/uv-usb-5-led-uv-i313111878.html
0.23376623376623376,0.13740893253088377,399.0,399.0,399.0,0.04869108710463821,weak match,https://www.daraz.pk/products/1-31-i102448127.html
0.32786885245901637,0.22205663189269748,140.0,140.0,140.0,0.02760917270424303,inconsistent pricing,https://www.daraz.pk/products/5pcs-pack-jumper-wire-for-mobile-phone-repairing-i405541718.html
0.1651376146788991,0.12921294060840172,3650.0,3650.0,3650.0,0.0,inconsistent pricing,https://www.daraz.pk/products/7-7-lcd-i249449624.html
0.15873015873015872,0.07265236883557494,710.0,710.0,710.0,0.026841372500532125,weak match,https://www.daraz.pk/products/1-32-i1951268943.html
0.11267605633802817,0.1022132796780684,690.0,690.0,690.0,0.039578143818506065,weak match,https://www.daraz.pk/products/5-9-b7000-50-diy-i879745480.html
0.08602150537634409,0.15685758174237438,129.0,129.0,129.0,0.017970362384339515,inconsistent pricing,https://www.daraz.pk/products/5-ft-original-soldering-wire-rosin-core-solder-wire-high-quality-soldering-wire-i394125452.html
0.18181818181818182,0.1458980044345898,290.0,290.0,290.0,0.0375758625986066,weak match,https://www.daraz.pk/products/soldering-iron-pump-desoldering-pump-sakhkhar-solder-remover-i394119694.html
0.07272727272727272,0.11256916996047431,260.0,260.0,260.0,0.02599288116316458,weak match,https://www.daraz.pk/products/high-quality-25ml-hwy-800-soldering-flux-for-stainless-steel-soldering-liquid-flux-welding-solder-i428954652.html
0.06698564593301436,0.08286902472834592,249.0,249.0,249.0,0.018325388239216818,weak match,https://www.daraz.pk/products/1-pcs-stainless-steel-flux-soldering-stainless-steel-liquid-solder-soldering-liquid-solution-liquid-soldering-fluxl-liquid-paste-spot-welding-not-required-for-lithium-cell-connection-6ml-i413267040.html
0.0213903743315508,0.06480614973262032,328.0,328.0,328.0,0.01887781271074553,weak match,https://www.daraz.pk/products/best-quality-rosin-soldering-paste-yx-20-80gm-broza-10cc-flux-type-rma-223-white-flux-solid-solder-paste-welding-fluxes-repair-soldering-welding-fluxes-repair-by-electrica-i265150550.html
0.07339449541284404,0.07146306132303235,99999.0,99999.0,99999.0,0.0,inconsistent pricing,https://www.daraz.pk/products/13-5-12-256-1-i697916197.html
0.0945945945945946,0.10058293587705353,2650.0,2650.0,2650.0,0.0,inconsistent pricing,https://www.daraz.pk/products/1800-i454335095.html
0.0718562874251497,0.09153321264447849,399.0,399.0,399.0,0.03243494835270597,weak match,https://www.daraz.pk/products/instaorder-soldering-iron-stand-holder-with-metal-support-station-bracket-base-welding-tool-for-circuit-board-designing-mobile-repairing-electric-diy-i351380837.html
0.09523809523809523,0.15944355270197966,4550.0,4550.0,4550.0,0.0,inconsistent pricing,https://www.daraz.pk/products/zt-102l-60-h-i924660059.html
0.06666666666666667,0.07855855855855856,599.0,599.0,599.0,0.03676763797545325,weak match,https://www.daraz.pk/products/10x-handheld-magnifier-glass-60708090100mm-magnifying-glass-with-red-wood-handle-for-jewelers-school-office-doctors-pcb-circuit-repairing-mobile-repairing-i431484770.html
0.0945945945945946,0.11626921038685745,7399.0,7399.0,7399.0,0.0,inconsistent pricing,https://www.daraz.pk/products/kada-kd-887ds-hot-air-gun-rework-station-with-led-display-adjustable-temperature-portable-heat-gun-for-mobile-pcb-repair-by-electrica-i161442303.html
0.10309278350515463,0.12359005457853245,141.0,141.0,141.0,0.015476196887720315,inconsistent pricing,https://www.daraz.pk/products/tin-lead-line-soldering-06mm-wire-25g50g-made-in-pakistan-ranga-solder-wire-reel-i406556364.html
0.24,0.17099999999999999,149.0,149.0,149.0,0.022627886323268207,inconsistent pricing,https://www.daraz.pk/products/qs-10-i930937064.html
0.1694915254237288,0.11657709797436958,499.0,499.0,499.0,0.05166249723730943,weak match,https://www.daraz.pk/products/1-32-i940157222.html
0.18018018018018017,0.13414103758931345,333.0,333.0,333.0,0.03967048447357138,weak match,https://www.daraz.pk/products/31-in-1-precision-handle-screwdriver-set-mobile-phone-watches-glasses-repair-kit-multifunctional-i272632707.html
0.11965811965811966,0.18556816589603475,24999.0,24999.0,24999.0,0.0,inconsistent pricing,https://www.daraz.pk/products/10-i888362459.html
0.09090909090909091,0.0954769368562472,1599.0,1599.0,1599.0,0.0,inconsistent pricing,https://www.daraz.pk/products/te-801-2-led-1-3-i208464985.html
0.13333333333333333,0.10385964912280701,480.0,480.0,480.0,0.04427409554080584,weak match,https://www.daraz.pk/products/1-5-i429183550.html
0.06796116504854369,0.055620484976763446,820.0,820.0,820.0,0.01511533605940463,weak match,https://www.daraz.pk/products/24-1-i948563603.html
0.14035087719298245,0.11664455255786525,4970.0,4970.0,4970.0,0.0,inconsistent pricing,https://www.daraz.pk/products/titan-tn-1502dd-dc-power-supply-current-voltage-adjustable-power-supply-for-mobile-repairing-tools-i497867850.html
0.13333333333333333,0.08606060606060606,450.0,450.0,450.0,0.03439367027288875,weak match,https://www.daraz.pk/products/koocu8899jyd515-5-in-1-precision-torx-screwdriver-cellphone-watch-repair-mixed-set-tool-kit-i390199175.html
0.14388489208633093,0.10755395683453237,498.0,498.0,498.0,0.04756826865328341,weak match,https://www.daraz.pk/products/1-32-i831404361.html
0.07659574468085106,0.07563829787234043,399.0,399.0,399.0,0.0268025584822947,weak match,https://www.daraz.pk/products/1-31-30-i627925921.html
0.08849557522123894,0.08734628203654751,400.0,400.0,400.0,0.03102887461333837,weak match,https://www.daraz.pk/products/t7000-lcd-pvc-t-7000-50-i201612734.html
0.11173184357541899,0.10338838960408064,329.0,329.0,329.0,0.03020850815252445,weak match,https://www.daraz.pk/products/-i389751827.html
0.15730337078651685,0.08845326320822376,3600.0,3600.0,3600.0,0.0,inconsistent pricing,https://www.daraz.pk/products/-i933337522.html
0.11666666666666667,0.10426666666666667,210.0,210.0,210.0,0.01944582593250444,inconsistent pricing,https://www.daraz.pk/products/b6000-b7000-50ml-110ml-i945788107.html
0.15827338129496402,0.09664268585131894,890.0,890.0,890.0,0.020255483002585496,weak match,https://www.daraz.pk/products/001-i928767825.html
0.16666666666666666,0.10506666666666667,11200.0,11200.0,11200.0,0.0,inconsistent pricing,https://www.daraz.pk/products/998-lcd-i896564720.html
0.09486166007905138,0.07050280356650428,4920.0,4920.0,4920.0,0.0,inconsistent pricing,https://www.daraz.pk/products/oem-i879862653.html
0.11214953271028037,0.09843124165554072,199.0,199.0,199.0,0.01739592991958491,inconsistent pricing,https://www.daraz.pk/products/b6000-e6000-multi-purpose-adhesive-glue-110-g-for-crafts-mobile-repair-jewelry-fabric-diy-i655998250.html
0.17142857142857143,0.11657142857142858,600.0,600.0,600.0,0.05445521441258564,weak match,https://www.daraz.pk/products/uv-559-i316273274.html
0.09411764705882353,0.07457013574660634,169.0,169.0,169.0,0.011192142931773065,inconsistent pricing,https://www.daraz.pk/products/1235-pcs-electronic-spices-15mm-philip-size-precision-screwdriver-with-rotatable-head-mobile-phone-repair-tool-laptop-repair-tool-professional-opening-tool-for-all-smartphones-durable-non-slip-grip-screw-driver-rafiq-electronics-i939384969.html
0.08403361344537816,0.12071021957169965,422.0,422.0,422.0,0.04523953166896737,weak match,https://www.daraz.pk/products/jzq-588b-metal-wire-brush-soldering-iron-tip-cleaner-with-stand-holder-set-bga-repairing-tool-by-electrica-i429498194.html
0.16901408450704225,0.130763528539659,549.0,549.0,549.0,0.06375592998958507,weak match,https://www.daraz.pk/products/infinix-hot-40-mobile-sim-tray-blue-sim-slot-repair-part-i943393272.html
0.1282051282051282,0.1235712079085573,1370.0,1370.0,1370.0,0.0,inconsistent pricing,https://www.daraz.pk/products/35x12-i429796201.html
0.11428571428571428,0.10025974025974026,1099.0,1099.0,1099.0,0.002404096791308161,inconsistent pricing,https://www.daraz.pk/products/sp-gba-sp-i430766794.html
0.18421052631578946,0.2070175438596491,121.0,121.0,121.0,0.022246112617244712,inconsistent pricing,https://www.daraz.pk/products/flying-eagle-blade-safety-razor-for-mobiletab-lcd-repair-5-pcs-i388926848.html
0.05363984674329502,0.053034886065739056,1299.0,1299.0,1299.0,0.0,inconsistent pricing,https://www.daraz.pk/products/100-aiwa-40-aiwa-i717532396.html
0.06060606060606061,0.12059278920592789,169.0,169.0,169.0,0.018099628220072658,inconsistent pricing,https://www.daraz.pk/products/1-pc-premium-quality-60w-soldering-iron-heating-element-soldering-iron-replacement-core-heating-element-ac-220v-60w-i411425661.html
0.06870229007633588,0.06793035423278154,99.0,99.0,99.0,0.00597256222828186,inconsistent pricing,https://www.daraz.pk/products/4-c-i690740767.html
0.10909090909090909,0.10363636363636364,1500.0,1500.0,1500.0,0.0,inconsistent pricing,https://www.daraz.pk/products/3-ic-i485013475.html
0.09523809523809523,0.09335839598997495,422.0,422.0,422.0,0.03498867061080766,weak match,https://www.daraz.pk/products/mechanic-15mm-r300-solder-wick-15m-copper-braid-solder-remover-wire-for-pcb-repair-bga-rework-flux-cleaning-1515-by-electrica-i471617238.html
0.112,0.12787692307692308,457.0,457.0,457.0,0.051900314250580684,weak match,https://www.daraz.pk/products/mechanic-m60-40g-04mm-for-electronic-soldering-iron-welding-high-purity-no-clean-rosin-solder-wire-by-electrica-i514975585.html
0.13114754098360656,0.12518628912071536,649.0,649.0,649.0,0.053031847167478885,weak match,https://www.daraz.pk/products/xg-50-bga-183-i397923418.html
0.059322033898305086,0.0585835853435544,3450.0,3450.0,3450.0,0.0,inconsistent pricing,https://www.daraz.pk/products/-i206292985.html
0.09195402298850575,0.12808595702148926,498.0,498.0,498.0,0.05664902894911336,weak match,https://www.daraz.pk/products/7-i924660846.html
0.12307692307692308,0.16923076923076924,1399.0,1399.0,1399.0,0.0,inconsistent pricing,https://www.daraz.pk/products/5-i840012107.html
0.10526315789473684,0.13810526315789473,699.0,699.0,699.0,0.05237206693465457,weak match,https://www.daraz.pk/products/huawei-p20-pro-original-camera-glass-repair-replacement-rear-lens-huawei-p20-pro-i345849788.html
0.10666666666666667,0.12782795698924732,849.0,849.0,849.0,0.03144613151511679,weak match,https://www.daraz.pk/products/tec1-12706-12vdc-6a-40x40x32-i472785039.html
0.13513513513513514,0.09326974032856386,4500.0,4500.0,4500.0,0.0,inconsistent pricing,https://www.daraz.pk/products/k01-1-13-led-usb-i896602125.html
0.22580645161290322,0.23360616273471352,14999.0,14999.0,14999.0,0.0,inconsistent pricing,https://www.daraz.pk/products/kada-2018d-1-2-i489678741.html
0.1774193548387097,0.12678169542385598,499.0,499.0,499.0,0.05618478331838733,weak match,https://www.daraz.pk/products/relife-rl-049b-cpu-glue-removal-crowbar-set-mobile-phone-repair-opening-tools-for-ic-chip-screen-separation-i947980735.html
0.10416666666666667,0.09039763113367175,208.0,208.0,208.0,0.0166986743124367,inconsistent pricing,https://www.daraz.pk/products/e8000-diy-lcd-e8000-i464011723.html
0.171875,0.14093045112781954,220.0,220.0,220.0,0.02753525688110151,inconsistent pricing,https://www.daraz.pk/products/1-i946953078.html
0.11560693641618497,0.1001753588361369,216.0,216.0,216.0,0.019216587485440115,inconsistent pricing,https://www.daraz.pk/products/6pcs-3001-i948695836.html
0.16822429906542055,0.15300400534045394,929.0,929.0,929.0,0.02676890679579878,inconsistent pricing,https://www.daraz.pk/products/mobile-network-enhancer-chip-universal-sticker-for-better-call-quality-stable-connectivity-i927112856.html
0.17391304347826086,0.13956521739130434,3299.0,3299.0,3299.0,0.0,inconsistent pricing,https://www.daraz.pk/products/mechanic-electric-oca-glue-remover-tool-lcd-screen-adhesive-cleaning-machine-for-mobile-phone-repair-i948103558.html
0.18556701030927836,0.19187386294724074,1841.0,1841.0,1841.0,0.0,inconsistent pricing,https://www.daraz.pk/products/mobile-phone-repair-tool-uv-glue-curing-lamp-usb-5v-led-ultraviolet-oil-by-electrica-i176554770.html
0.1875,0.11064356435643566,409.0,409.0,409.0,0.04018935863390958,weak match,https://www.daraz.pk/products/1-31-i360426544.html
0.15172413793103448,0.1166896551724138,379.0,379.0,379.0,0.03927653579959576,weak match,https://www.daraz.pk/products/best-quality-7-in1-mobile-screen-battery-replace-repair-tool-kit-electronics-screwdriver-set-for-cell-phone-computer-tablets-repair-i394427611.html
0.13333333333333333,0.10385964912280701,299.0,299.0,299.0,0.0275790720139603,weak match,https://www.daraz.pk/products/6-pcs-wlxy-precision-art-hobby-knife-set-for-crafts-scrapbook-mobile-repair-i885302302.html
0.12080536912751678,0.11065980998866906,229.0,229.0,229.0,0.022505414287216,weak match,https://www.daraz.pk/products/vhtj-1-6-p-3001-i451824043.html
0.12244897959183673,0.13053298989498713,1099.0,1099.0,1099.0,0.0031300095267892142,inconsistent pricing,https://www.daraz.pk/products/1-14-i115526691.html
0.18867924528301888,0.18357980622131564,1085.0,1085.0,1085.0,0.006684522251397816,inconsistent pricing,https://www.daraz.pk/products/blade11-for-hijama-cupping-or-mobile-repairing-100-blades-box-hakeem-lahori-i494815691.html
0.06299212598425197,0.12519685039370076,299.0,299.0,299.0,0.03324498958056531,weak match,https://www.daraz.pk/products/1-pcs-original-liquid-soldering-flux-hwy-800-25ml-for-metel-copper-stainless-steel-and-lithium-cell-18650-or-26650-i423224693.html
0.0847457627118644,0.11194708557255065,999.0,999.0,999.0,0.01262635867470154,inconsistent pricing,https://www.daraz.pk/products/te-800-te-801-i538762677.html
0.11458333333333333,0.10065566835871403,1999.0,1999.0,1999.0,0.0,inconsistent pricing,https://www.daraz.pk/products/light-head-magnifying-with-led-sharp-light-headband-illuminated-visor-jewelers-loupe-magnifier-headband-glasses-with-2-lens-repair-mobile-laptop-circuits-micro-electric-appliances-i927336343.html
0.23376623376623376,0.13740893253088377,499.0,499.0,499.0,0.06089436708073801,weak match,https://www.daraz.pk/products/1-31-i422420461.html
0.06666666666666667,0.07855855855855856,599.0,599.0,599.0,0.03676763797545325,weak match,https://www.daraz.pk/products/10x-handheld-magnifier-glass-60708090100mm-magnifying-glass-with-red-wood-handle-for-jewelers-school-office-doctors-pcb-circuit-repairing-mobile-repairing-i947452140.html
0.13836477987421383,0.11388249731553919,699.0,699.0,699.0,0.043186346672944256,weak match,https://www.daraz.pk/products/screwdriver-set-25-in-1-with-case-multifunctional-mobile-repairing-tools-for-mobiles-phones-cell-phone-tablets-computers-repair-mini-hand-tool-kit-i272679094.html
0.10695187165775401,0.0990307486631016,186.0,186.0,186.0,0.016358542851986586,inconsistent pricing,https://www.daraz.pk/products/b7000-50-110-diy-i1950411648.html
0.2222222222222222,0.15204678362573099,2066.0,2066.0,2066.0,0.0,inconsistent pricing,https://www.daraz.pk/products/-i438885870.html
0.12244897959183673,0.13053298989498713,1068.0,1068.0,1068.0,0.00672372416865831,inconsistent pricing,https://www.daraz.pk/products/1-14-i207952545.html
0.15827338129496402,0.10497601918465227,899.0,899.0,899.0,0.02116301630099118,weak match,https://www.daraz.pk/products/mechanic-dt-001-i1949330528.html
0.029411764705882353,0.09395648670427074,620.0,620.0,620.0,0.04222200912287833,weak match,https://www.daraz.pk/products/bga-paste-mechanic-xg50-sn-63-pb-37-183-c-35-g-i269967212.html
0.17054263565891473,0.17567974083073007,762.0,762.0,762.0,0.05679167465575998,weak match,https://www.daraz.pk/products/sw-1030-13-in-1-mobile-phone-repair-screwdriver-set-for-iphone-huawei-samsung-disassembly-opening-tools-by-electrica-i539153041.html
0.08695652173913043,0.0919254658385093,331.0,331.0,331.0,0.02702249484240371,weak match,https://www.daraz.pk/products/sp-07-soldering-paste-rosin-flux-150g-jar-for-pcb-repair-mobile-board-rework-wire-jointing-electronic-assembly-smooth-flow-clean-finish-heat-activated-by-electrica-i513470997.html
0.10687022900763359,0.10451279748540637,550.0,550.0,550.0,0.05104976786587345,weak match,https://www.daraz.pk/products/usb-anf-i561298055.html
0.09821428571428571,0.10216781035558327,99.0,99.0,99.0,0.008982782615632989,inconsistent pricing,https://www.daraz.pk/products/125-pcs-plastic-triangle-mobile-phone-repair-tools-kit-professional-disassembly-teardown-opening-tool-for-smartphone-tablet-laptop-watch-small-electronics-safe-plastic-pry-tool-for-easy-repair-work-i936604315.html
0.1258741258741259,0.09899829899829901,620.0,620.0,620.0,0.044487690313622825,weak match,https://www.daraz.pk/products/31-1-i927159446.html
0.08849557522123894,0.08734628203654751,550.0,550.0,550.0,0.04266470259334026,weak match,https://www.daraz.pk/products/t7000-lcd-pvc-t-7000-50-i209588786.html
0.13245033112582782,0.13759551706571574,399.0,399.0,399.0,0.04875720364939661,weak match,https://www.daraz.pk/products/dreamsmart-50g-soldering-wire-08mm-diameter-internal-core-flux-economical-circuit-board-soldering-mobile-repairing-solder-inner-flux-wire-i209638888.html
0.13333333333333333,0.10752688172043011,999.0,999.0,999.0,0.012127809927615122,inconsistent pricing,https://www.daraz.pk/products/-i496803779.html
0.09302325581395349,0.10266384778012684,1399.0,1399.0,1399.0,0.0,inconsistent pricing,https://www.daraz.pk/products/2-led-1-3-te-801-i208476742.html
0.03773584905660377,0.07716330513988288,999.0,999.0,999.0,0.008703143652544518,inconsistent pricing,https://www.daraz.pk/products/-i462433390.html
0.15151515151515152,0.06936518469365185,1999.0,1999.0,1999.0,0.0,inconsistent pricing,https://www.daraz.pk/products/25-1-i933242409.html
0.0963855421686747,0.09309967141292443,432.0,432.0,432.0,0.03571852402343104,weak match,https://www.daraz.pk/products/mechanic-solder-paste-xgsp50xg-30v5b45-bga-paste-183138-degree-16gm-i410391506.html
0.12244897959183673,0.13053298989498713,1199.0,1199.0,1199.0,0.0,inconsistent pricing,https://www.daraz.pk/products/1-14-i207938668.html
0.18518518518518517,0.15902982628646345,5000.0,5000.0,5000.0,0.0,inconsistent pricing,https://www.daraz.pk/products/kada-1502ds-dc-i424572732.html
0.19801980198019803,0.19241546796189055,1000.0,1000.0,1000.0,0.02153139339538029,inconsistent pricing,https://www.daraz.pk/products/esd-esd-i349026058.html
0.16363636363636364,0.13849802371541503,4447.0,4447.0,4447.0,0.0,inconsistent pricing,https://www.daraz.pk/products/mechanic-mc-ori-mini-universal-pcb-holder-for-mobile-repair-ic-fixing-precision-soldering-tool-i936736244.html
0.09448818897637795,0.0841273219225975,1099.0,1099.0,1099.0,0.002017262603827828,inconsistent pricing,https://www.daraz.pk/products/24in-1-1-24-i932175033.html
0.1282051282051282,0.10345596432552953,499.0,499.0,499.0,0.04584771420820536,weak match,https://www.daraz.pk/products/6-i1951792155.html
0.1694915254237288,0.12633319553534517,1799.0,1799.0,1799.0,0.0,inconsistent pricing,https://www.daraz.pk/products/blp727-a5-2020a9-2020a11xa11-i644196946.html
0.21739130434782608,0.1611833258628418,650.0,650.0,650.0,0.06813788908589048,weak match,https://www.daraz.pk/products/1-32-i379274394.html
0.07079646017699115,0.0854614412136536,4813.0,4813.0,4813.0,0.0,inconsistent pricing,https://www.daraz.pk/products/kada-0v-15v-20-kada-i409994408.html
0.17142857142857143,0.11657142857142858,589.0,589.0,589.0,0.05559401167216443,weak match,https://www.daraz.pk/products/uv-559-i463285208.html
0.13253012048192772,0.10915239906996407,999.0,999.0,999.0,0.012311149806292575,inconsistent pricing,https://www.daraz.pk/products/1-25-i266653410.html
0.14754098360655737,0.12515812572608753,23999.0,23999.0,23999.0,0.0,inconsistent pricing,https://www.daraz.pk/products/yh862bd-i349763230.html
0.10619469026548672,0.1136643167841608,900.0,900.0,900.0,0.022813619532167262,weak match,https://www.daraz.pk/products/bitray-3-pcs-professional-repair-tool-kit-electronics-opening-pry-tool-repair-kit-mobile-repairing-i913153179.html
0.17475728155339806,0.13656957928802588,3300.0,3300.0,3300.0,0.0,inconsistent pricing,https://www.daraz.pk/products/66s-lcd-i240873960.html
0.1282051282051282,0.11090938047459786,319.0,319.0,319.0,0.031421041182412714,weak match,https://www.daraz.pk/products/diy-t-8000-110-i1951640719.html
0.21739130434782608,0.1735544598834603,499.0,499.0,499.0,0.07691267804782122,weak match,https://www.daraz.pk/products/1-31-i573645412.html
0.1360544217687075,0.11757966344432509,500.0,500.0,500.0,0.052211218225721626,weak match,https://www.daraz.pk/products/25-in-1-hardware-tool-kit-precision-screwdriver-set-multi-functional-repair-tools-for-mobile-laptop-computer-watch-electronics-i943609761.html
0.1037037037037037,0.1271957671957672,669.0,669.0,669.0,0.05162385933256271,weak match,https://www.daraz.pk/products/universal-16-in-1-bga-reballing-stencil-012mm-direct-heat-ic-template-0305mm-precision-mobile-repair-tool-by-electrica-i471472395.html
0.13636363636363635,0.11585932315859324,10800.0,10800.0,10800.0,0.0,inconsistent pricing,https://www.daraz.pk/products/600x-36mp-43-lcd-hd-usb-bga-i470235624.html
0.1360544217687075,0.14126387397064089,855.0,855.0,855.0,0.03399867659506544,weak match,https://www.daraz.pk/products/te-666-6pcsset-prying-opening-repair-tool-kit-for-mobile-phone-notebook-dual-heads-metal-spudger-hand-tools-sets-crowbar-by-electrica-i621325778.html
0.08298755186721991,0.05758526464932699,109.0,109.0,109.0,0.005574417270671974,inconsistent pricing,https://www.daraz.pk/products/mini-screwdriver-set-2-pcs-screwdriver-set-star-screwdriver-flat-screwdriver-small-screw-driver-set-precision-screwdriver-set-star-and-flat-screw-driver-repair-tool-set-mobile-repair-screwdriver-electronics-repair-tools-i1949078608.html
0.11398963730569948,0.08802009734652222,2657.0,2657.0,2657.0,0.0,inconsistent pricing,https://www.daraz.pk/products/115-1-diy-i495302735.html
0.22857142857142856,0.18742857142857144,319.0,319.0,319.0,0.05309921339761482,weak match,https://www.daraz.pk/products/wl-6-i288812063.html
0.11382113821138211,0.12990345528455283,190.0,190.0,190.0,0.02191976598940057,inconsistent pricing,https://www.daraz.pk/products/15-25-hwy-800-i414212600.html
0.18181818181818182,0.16796536796536798,400.0,400.0,400.0,0.05966798151522842,weak match,https://www.daraz.pk/products/c89-uv-i930856277.html
0.18421052631578946,0.22183235867446394,563.0,563.0,563.0,0.11091617933723197,weak match,https://www.daraz.pk/products/black-sim-door-for-samsung-professional-mobile-repair-part-i939844908.html
0.0898876404494382,0.08185669552403757,2447.0,2447.0,2447.0,0.0,inconsistent pricing,https://www.daraz.pk/products/-i389373192.html
0.12790697674418605,0.08506109578242019,2445.0,2445.0,2445.0,0.0,inconsistent pricing,https://www.daraz.pk/products/super-502d-2a-5v-2a-mini-usb-dc-power-supply-ammeter-for-mobile-phone-repair-tool-ampermetre-power-source-short-circuit-protection-test-tools-set-by-electrica-i537974977.html
0.10227272727272728,0.10720743345052738,400.0,400.0,400.0,0.038084345808357865,weak match,https://www.daraz.pk/products/10x80-20-bga-smd-i280743056.html
0.145985401459854,0.1344504986121106,1185.0,1185.0,1185.0,0.0,inconsistent pricing,https://www.daraz.pk/products/48-48-i927142704.html
0.09090909090909091,0.0954769368562472,1599.0,1599.0,1599.0,0.0,inconsistent pricing,https://www.daraz.pk/products/te-801-2-led-1-3-i208480626.html
0.11842105263157894,0.07029835735836407,399.0,399.0,399.0,0.02491034155061036,weak match,https://www.daraz.pk/products/6-tky-992-1-6-i336763282.html
0.11764705882352941,0.11514392991239049,855.0,855.0,855.0,0.027712260218701445,weak match,https://www.daraz.pk/products/28-in-1-te-016-bga-repair-blade-cpu-ic-pry-knife-motherboard-opening-blade-for-phone-repair-disassembly-tool-by-electrica-i891544896.html
0.12987012987012986,0.1274197500612595,2465.0,2465.0,2465.0,0.0,inconsistent pricing,https://www.daraz.pk/products/mechanic-v51-1812-inch-heat-resistant-silicone-soldering-mat-500-esd-non-slip-repair-pad-for-mobile-phone-electronics-repair-by-electrica-i242892565.html
0.09248554913294797,0.11115152302396569,490.0,490.0,490.0,0.04836966810101527,weak match,https://www.daraz.pk/products/koocu-te-02-3in1-universal-double-sided-phone-repair-tool-disassembly-blades-pry-opening-tool-metal-crowbar-disassemble-kit-phone-spatula-hand-tool-by-electrica-i936960458.html
0.11627906976744186,0.13881932021466906,370.0,370.0,370.0,0.04561558479522873,weak match,https://www.daraz.pk/products/7-i924676453.html
0.053691275167785234,0.09160638019698422,323.0,323.0,323.0,0.02627785151298926,weak match,https://www.daraz.pk/products/2-pcs-yx-20-soldering-paste-80gm-yellow-soldering-wire-welding-flux-paste-circuit-grease-80gram-soldering-welding-repairing-by-electrica-i436292624.html
0.0,0.05106382978723404,2899.0,2899.0,2899.0,0.0,inconsistent pricing,https://www.daraz.pk/products/mc-c210-i911891880.html
0.08974358974358974,0.10297818123905081,474.0,474.0,474.0,0.04334960737771766,weak match,https://www.daraz.pk/products/mechanic-25mm-r300-solder-wick-25m-copper-desoldering-braid-for-motherboard-pcb-ic-chip-bga-rework-1525-high-absorption-wire-by-electrica-i477370431.html
0.0761904761904762,0.12865800865800867,219.0,219.0,219.0,0.02502318285622016,inconsistent pricing,https://www.daraz.pk/products/2-10cc-rma223-rma-223-i440101164.html
0.08737864077669903,0.08044908664243317,570.0,570.0,570.0,0.039724415784363094,weak match,https://www.daraz.pk/products/1-24-1-25-i1947930338.html
0.3,0.22666666666666668,207.0,207.0,207.0,0.041669626998223804,inconsistent pricing,https://www.daraz.pk/products/-i389752585.html
0.06504065040650407,0.11039126016260162,1682.0,1682.0,1682.0,0.0,inconsistent pricing,https://www.daraz.pk/products/te-801-4x-12x-zoom-helping-hand-soldering-stand-with-magnifying-glass-and-led-lights-helping-hand-by-electrica-i412640445.html
0.19444444444444445,0.15569985569985567,175.0,175.0,175.0,0.024198467804151635,inconsistent pricing,https://www.daraz.pk/products/3-i352522471.html
0.128,0.11581538461538463,130.0,130.0,130.0,0.013371225577264658,inconsistent pricing,https://www.daraz.pk/products/1-i208476476.html
0.07017543859649122,0.1188264779596049,731.0,731.0,731.0,0.041684244044443985,weak match,https://www.daraz.pk/products/high-quality-liquid-soldering-flux-for-stainless-steel-hwy-800-paste-flux-25ml-quick-welding-tool-i518428198.html
0.11458333333333333,0.10065566835871403,1999.0,1999.0,1999.0,0.0,inconsistent pricing,https://www.daraz.pk/products/light-head-magnifying-with-led-sharp-light-headband-illuminated-visor-jewelers-loupe-magnifier-headband-glasses-with-2-lens-repair-mobile-laptop-circuits-micro-electric-appliances-i927336321.html
0.11627906976744186,0.10752857705951913,625.0,625.0,625.0,0.04784353206644679,weak match,https://www.daraz.pk/products/4-type-03-035-0405mm-03-127mm-universal-bga-reballing-stencil-direct-heat-template-for-mobile-phone-and-computer-ic-reballing-repair-16-in-1-31-in-1-i366706842.html
0.08163265306122448,0.08065306122448979,400.0,400.0,400.0,0.028651176278681984,weak match,https://www.daraz.pk/products/31-in-1-repair-tools-kit-for-tablet-pc-cameras-watches-glasses-laptop-screw-driver-bit-set-precision-torx-driver-set-electronic-precise-manual-screwdriver-tool-set-mini-disassembly-mobile-phone-opening-tool-crv-bits-holder-i622900270.html
0.08,0.09661538461538462,2592.0,2592.0,2592.0,0.0,inconsistent pricing,https://www.daraz.pk/products/mechanic-imax-9-nand-cpu-ic-glue-remover-blade-edge-glue-scraper-ultra-thin-knife-20-in-1-blade-set-by-electrica-i538573101.html
0.13953488372093023,0.09163484901076015,426.0,426.0,426.0,0.03466824660620233,weak match,https://www.daraz.pk/products/1-5-m8222-i204876716.html
0.2033898305084746,0.11885593220338983,499.0,499.0,499.0,0.05267238913809194,weak match,https://www.daraz.pk/products/1-31-i389068790.html
0.18518518518518517,0.21644695543000628,608.0,608.0,608.0,0.09957328855483415,weak match,https://www.daraz.pk/products/xg-50-35-i927133364.html
0.14184397163120568,0.10605265714563296,599.0,599.0,599.0,0.049635657474021815,weak match,https://www.daraz.pk/products/1-24-24-i798863147.html
0.13333333333333333,0.1296969696969697,220.0,220.0,220.0,0.025340438129070456,inconsistent pricing,https://www.daraz.pk/products/20pcs-2-i943641554.html
0.144,0.11298461538461538,687.0,687.0,687.0,0.04404995217925946,weak match,https://www.daraz.pk/products/mechanic-mc-a130-anti-static-silicone-duster-for-mobile-pcb-cleaning-precision-repair-electronics-maintenance-i936733503.html
0.09045226130653267,0.09500443393437777,375.0,375.0,375.0,0.031640020182408225,weak match,https://www.daraz.pk/products/10x80-20-bga-smd-i443776700.html
0.09049773755656108,0.06274776758899611,598.0,598.0,598.0,0.029423464730896933,weak match,https://www.daraz.pk/products/32-1-i926794963.html
0.128,0.12504615384615386,389.0,389.0,389.0,0.0431997813909004,weak match,https://www.daraz.pk/products/7-3-i930799527.html
0.10416666666666667,0.09039763113367175,209.0,209.0,209.0,0.01677895640047726,inconsistent pricing,https://www.daraz.pk/products/e8000-diy-lcd-e8000-i463708238.html
0.10891089108910891,0.09573826947912183,550.0,550.0,550.0,0.046763808360139436,weak match,https://www.daraz.pk/products/1-24-i674273675.html
0.23529411764705882,0.13697478991596637,499.0,499.0,499.0,0.060701971730077464,weak match,https://www.daraz.pk/products/-i338739706.html
0.19444444444444445,0.15569985569985567,520.0,520.0,520.0,0.07190401861805057,weak match,https://www.daraz.pk/products/40-i476110670.html
0.31746031746031744,0.19757236227824462,599.0,599.0,599.0,0.09246948039132763,weak match,https://www.daraz.pk/products/-i942889870.html
0.07407407407407407,0.08529973272241315,570.0,570.0,570.0,0.042119583830960663,weak match,https://www.daraz.pk/products/sw-103-crowbar-5-in-1-crowbar-opening-tool-dual-end-tool-boot-stick-crowbar-crank-shaped-wire-winder-nail-puller-opener-tools-for-mobile-lcd-touch-screen-repairing-by-electrica-i629696980.html
0.15254237288135594,0.07077304671351799,799.0,799.0,799.0,0.020553096159254332,weak match,https://www.daraz.pk/products/1-25-i213522868.html
0.1774193548387097,0.12678169542385598,899.0,899.0,899.0,0.02555900964583953,weak match,https://www.daraz.pk/products/mechanic-motherboard-ic-glue-removal-brush-for-mobile-phone-repair-high-toughness-chip-dust-cleaning-brush-tool-i582444278.html
0.12949640287769784,0.0934652278177458,489.0,489.0,489.0,0.04059013890131234,weak match,https://www.daraz.pk/products/1-2-i833607468.html
0.09090909090909091,0.0954769368562472,1548.0,1548.0,1548.0,0.0,inconsistent pricing,https://www.daraz.pk/products/te-801-welding-magnifying-glass-2-led-auxiliary-clip-magnifier-2-in-1-hand-soldering-solder-iron-stand-holder-station-soldering-helping-hand-soldering-stand-mobile-repairing-accessories-i500844413.html
0.1651376146788991,0.12921294060840172,3850.0,3850.0,3850.0,0.0,inconsistent pricing,https://www.daraz.pk/products/8-8-lcd-i249462336.html
0.14285714285714285,0.12126499454743728,249.0,249.0,249.0,0.026816148883047855,weak match,https://www.daraz.pk/products/1-6-p-3001-i463285331.html
0.09815950920245399,0.11783523225241016,849.0,849.0,849.0,0.028987885731720796,weak match,https://www.daraz.pk/products/dreamsmart-hq-ac-220v-60w-soldering-iron-with-light-indication-for-circuit-board-pcb-mobile-repairing-diy-soldering-welding-solder-heating-60w-element-i185660761.html
0.12244897959183673,0.13053298989498713,999.0,999.0,999.0,0.014722637403786295,inconsistent pricing,https://www.daraz.pk/products/1-14-i205856383.html
0.1323529411764706,0.13804755944931163,179.0,179.0,179.0,0.02194539355366499,inconsistent pricing,https://www.daraz.pk/products/dreamsmart-15ml-hwy-800-soldering-flux-liquid-paste-for-stainless-steel-copper-iron-circuit-board-solder-tool-quick-welding-i425360979.html
0.12727272727272726,0.11351778656126481,347.0,347.0,347.0,0.03498283475733471,weak match,https://www.daraz.pk/products/220-40-i408710422.html
0.09302325581395349,0.10266384778012684,1599.0,1599.0,1599.0,0.0,inconsistent pricing,https://www.daraz.pk/products/2-led-1-3-te-801-i208480742.html
0.15503875968992248,0.1336572949207451,886.0,886.0,886.0,0.028488233375647272,weak match,https://www.daraz.pk/products/30-9-i1950341926.html
0.12244897959183673,0.13053298989498713,950.0,950.0,950.0,0.02040302506351486,inconsistent pricing,https://www.daraz.pk/products/1-14-i144804178.html
0.0,0.028571428571428567,399.0,399.0,399.0,0.010124333925399643,weak match,https://www.daraz.pk/products/1-31-i202948469.html
0.10152284263959391,0.10595567170930292,620.0,620.0,620.0,0.04761418284627645,weak match,https://www.daraz.pk/products/mechanic-15-in-1-mc-ufo-universal-030350405parallel45-degrees-hole-012mm-bga-ic-reballing-stencil-direct-heat-template-for-mobile-phone-reballing-repair-15-in-1-by-electrica-i366687606.html
0.14084507042253522,0.06450129347513654,990.0,990.0,990.0,0.007790564753657698,inconsistent pricing,https://www.daraz.pk/products/1-32-i457905655.html
0.12048192771084337,0.09731557810188121,1900.0,1900.0,1900.0,0.0,inconsistent pricing,https://www.daraz.pk/products/mc-v51-esd-500-c-1812-i890379663.html
0.10989010989010989,0.11895604395604395,3876.0,3876.0,3876.0,0.0,inconsistent pricing,https://www.daraz.pk/products/r5g-i694232293.html
0.09523809523809523,0.1908225108225108,950.0,950.0,950.0,0.02982660915165355,inconsistent pricing,https://www.daraz.pk/products/s10-4g-sm-g975-i135150331.html
0.35714285714285715,0.28056206088992974,999.0,999.0,999.0,0.031644211130569345,inconsistent pricing,https://www.daraz.pk/products/1-8-i404837859.html
0.21739130434782608,0.1611833258628418,499.0,499.0,499.0,0.07143026607953647,weak match,https://www.daraz.pk/products/1-32-i174340014.html
0.09929078014184398,0.1219080928786554,3699.0,3699.0,3699.0,0.0,inconsistent pricing,https://www.daraz.pk/products/te-804-led-i395196556.html
0.14285714285714285,0.12126499454743728,304.0,304.0,304.0,0.03273939462026726,weak match,https://www.daraz.pk/products/1-6-p-3001-i208462254.html
0.1791044776119403,0.12164179104477613,999.0,999.0,999.0,0.013719811245725196,inconsistent pricing,https://www.daraz.pk/products/5-in-1-tool-kit-screwdriver-set-for-all-mobiles-repair-i285532290.html
0.12244897959183673,0.13053298989498713,1068.0,1068.0,1068.0,0.00672372416865831,inconsistent pricing,https://www.daraz.pk/products/1-14-i207948683.html
0.13333333333333333,0.11526881720430107,962.0,962.0,962.0,0.016788708722473688,inconsistent pricing,https://www.daraz.pk/products/16-in-1-interchangeable-multi-bits-screw-driver-set-repair-tools-set-kit-for-mobile-phone-tablet-repair-aisilin-no7395a-kit-by-electrica-i425779322.html
0.12244897959183673,0.13053298989498713,1068.0,1068.0,1068.0,0.00672372416865831,inconsistent pricing,https://www.daraz.pk/products/1-14-i207946613.html
0.06282722513089005,0.07411048188909071,460.0,460.0,460.0,0.030276040558598335,weak match,https://www.daraz.pk/products/sr-traders-10x-handheld-magnifier-glass-60708090100mm-magnifying-glass-with-red-wood-handle-for-jewelers-school-office-doctors-pcb-circuit-repairing-mobile-repairing-i879215165.html
0.16279069767441862,0.15742397137745978,547.0,547.0,547.0,0.07647505536720293,weak match,https://www.daraz.pk/products/pink-sim-slot-tray-for-infinix-zero-40-high-precision-metal-repair-part-i939397696.html
0.17073170731707318,0.2062237174095879,563.0,563.0,563.0,0.10311185870479395,weak match,https://www.daraz.pk/products/pink-sim-door-for-samsung-ultra-professional-mobile-repair-part-i939860091.html
0.11458333333333333,0.10065566835871403,1899.0,1899.0,1899.0,0.0,inconsistent pricing,https://www.daraz.pk/products/light-head-magnifying-with-led-sharp-light-headband-illuminated-visor-jewelers-loupe-magnifier-headband-glasses-with-2-lens-repair-mobile-laptop-circuits-micro-electric-appliances-i927333953.html
0.125,0.12058823529411765,1299.0,1299.0,1299.0,0.0,inconsistent pricing,https://www.daraz.pk/products/35x-12x-led-i104466650.html
0.0975609756097561,0.107595818815331,258.0,258.0,258.0,0.024653393653956836,weak match,https://www.daraz.pk/products/35-3-lx1-diy-i203202842.html
0.12030075187969924,0.11768551814318405,499.0,499.0,499.0,0.052153706530594,weak match,https://www.daraz.pk/products/adjustable-pcb-circuit-board-holder-stand-repairing-tool-for-mobile-ic-grooves-soldering-and-small-circuit-repairing-i434662641.html
0.16901408450704225,0.14655300222386952,680.0,680.0,680.0,0.05804852485954334,weak match,https://www.daraz.pk/products/07-i343559149.html
0.10416666666666667,0.09039763113367175,209.0,209.0,209.0,0.01677895640047726,inconsistent pricing,https://www.daraz.pk/products/e8000-diy-lcd-e8000-i462206224.html
0.15172413793103448,0.12468965517241379,237.0,237.0,237.0,0.026244625467017824,weak match,https://www.daraz.pk/products/3pcs-soldering-wire-01mm-pcb-link-jumper-wire-maintenance-jump-line-for-mobile-phone-computer-pcb-welding-repair-tools-by-electrica-i490673730.html
0.13953488372093023,0.09163484901076015,533.0,533.0,533.0,0.04337599868804188,weak match,https://www.daraz.pk/products/1-5-m8222-i204884150.html
0.09205020920502092,0.07616434597709035,4950.0,4950.0,4950.0,0.0,inconsistent pricing,https://www.daraz.pk/products/-i684681781.html
0.18181818181818182,0.1243401759530792,910.0,910.0,910.0,0.023852111905741658,inconsistent pricing,https://www.daraz.pk/products/vhtj-i457122241.html
0.12371134020618557,0.13183747725894482,747.0,747.0,747.0,0.04437513666175851,weak match,https://www.daraz.pk/products/1-8-i118814106.html
0.0975609756097561,0.107595818815331,380.0,380.0,380.0,0.036311199955440306,weak match,https://www.daraz.pk/products/b7000-diy-50-1-3-i1950524005.html
0.14285714285714285,0.09852216748768472,3576.0,3576.0,3576.0,0.0,inconsistent pricing,https://www.daraz.pk/products/ir16-oca-lcd-i490623582.html
0.13245033112582782,0.13759551706571574,399.0,399.0,399.0,0.04875720364939661,weak match,https://www.daraz.pk/products/dreamsmart-50g-soldering-wire-08mm-diameter-internal-core-flux-economical-circuit-board-soldering-mobile-repairing-solder-inner-flux-wire-i185642550.html
0.11023622047244094,0.1168217609162491,1868.0,1868.0,1868.0,0.0,inconsistent pricing,https://www.daraz.pk/products/yihua-yh-947-5v-9w-usb-soldering-iron-handle-min-portable-soldering-station-touch-sensor-power-switch-by-electrica-i534864015.html
0.1794871794871795,0.08625270312017301,1250.0,1250.0,1250.0,0.0,inconsistent pricing,https://www.daraz.pk/products/1-14-i375012790.html
0.24,0.126,400.0,400.0,400.0,0.044760213143872116,weak match,https://www.daraz.pk/products/1-31-i461107572.html
0.046511627906976744,0.09920166608816383,931.0,931.0,931.0,0.017179684624504393,inconsistent pricing,https://www.daraz.pk/products/mechanic-xgz40-ipx3-35g-soldering-paste-high-quality-leaded-flux-cream-for-pcb-rework-smt-smd-repair-by-electrica-i437580038.html
0.12571428571428572,0.10361904761904764,4999.0,4999.0,4999.0,0.0,inconsistent pricing,https://www.daraz.pk/products/led-4-i316381851.html
0.16363636363636364,0.12806324110671935,600.0,600.0,600.0,0.059823503394435505,weak match,https://www.daraz.pk/products/mechanic-15in1-mc-ufo-030350405-universal-bga-stencil-for-mobile-phone-reballing-repairing-i534704109.html
0.0684931506849315,0.09097341921436995,988.0,988.0,988.0,0.011149495427693652,inconsistent pricing,https://www.daraz.pk/products/mechanic-03mm-hx-t100-lead-free-solder-tin-wire-04mm-nw-42g-low-melting-point-welding-soldering-wire-bga-repair-tools-by-electrica-i477180940.html
0.17391304347826086,0.18307873090481785,299.0,299.0,299.0,0.048615044885027124,weak match,https://www.daraz.pk/products/30w-40w-220v-soldering-iron-heating-element-by-electrica-i425773693.html
0.07462686567164178,0.11618168152045527,524.0,524.0,524.0,0.054066786071686114,weak match,https://www.daraz.pk/products/10cc-uv-pc90bga-i426811233.html
0.14925373134328357,0.15970149253731342,3300.0,3300.0,3300.0,0.0,inconsistent pricing,https://www.daraz.pk/products/te-802-i913665355.html
0.04918032786885246,0.08581386343100555,325.0,325.0,325.0,0.024768655075556666,weak match,https://www.daraz.pk/products/infinix-zero-x-neo-replacement-back-camera-glass-lens-100-brand-new-high-quality-lens-part-for-camera-repair-i337688724.html
0.08461538461538462,0.08818577648766328,4599.0,4599.0,4599.0,0.0,inconsistent pricing,https://www.daraz.pk/products/50x-500x-8-led-14-i419716626.html
0.0945945945945946,0.10058293587705353,2566.0,2566.0,2566.0,0.0,inconsistent pricing,https://www.daraz.pk/products/1800-i454330361.html
0.10256410256410256,0.07102564102564102,495.0,495.0,495.0,0.031223527804344852,weak match,https://www.daraz.pk/products/32-1-i832568643.html
0.1456953642384106,0.1044319918492104,2583.0,2583.0,2583.0,0.0,inconsistent pricing,https://www.daraz.pk/products/super-502d-5v-2a-mini-dc-power-supply-ammeter-for-mobile-phone-repair-tool-ampermetre-power-source-short-circuit-protection-test-tools-set-i537894677.html
0.1,0.1388235294117647,550.0,550.0,550.0,0.0678090063734197,weak match,https://www.daraz.pk/products/redmi-10-original-camera-glass-repair-replacement-rear-lens-cover-i368186778.html
0.08284023668639054,0.08830850846765967,3085.0,3085.0,3085.0,0.0,inconsistent pricing,https://www.daraz.pk/products/te-803-25x-4x-16x-usb-led-magnifying-glass-with-adjustable-clamp-helping-hand-stand-soldering-iron-holder-for-pcb-repair-and-welding-work-by-electrica-i438017770.html
0.06802721088435375,0.09826351593268887,474.0,474.0,474.0,0.04136492588995962,weak match,https://www.daraz.pk/products/mechanic-uv-solder-resist-mask-10cc-bga-uv-curable-red-blue-black-yellow-green-solder-mask-solder-paste-oil-welding-paste-by-electrica-i282765253.html
0.09049773755656108,0.06274776758899611,520.0,520.0,520.0,0.028977654659216676,weak match,https://www.daraz.pk/products/32-1-i933330308.html
0.06369426751592357,0.09955178108044349,2643.0,2643.0,2643.0,0.0,inconsistent pricing,https://www.daraz.pk/products/te-800-5x-8x-led-i371915727.html
0.08333333333333333,0.15214521452145213,753.0,753.0,753.0,0.050399791311280334,weak match,https://www.daraz.pk/products/redmi-mi-note-10-lite-back-glass-housing-replacement-battery-door-cover-repair-part-i476114924.html
0.10227272727272728,0.10720743345052738,379.0,379.0,379.0,0.03608491765341908,weak match,https://www.daraz.pk/products/universal-board-holder-stand-stainless-steel-120x80x20mm-board-holder-circuit-board-fixture-soldering-de-soldering-for-mobile-motherboard-bga-smd-chip-repair-tools-i885282247.html
0.1232876712328767,0.0969971876984487,6745.0,6745.0,6745.0,0.0,inconsistent pricing,https://www.daraz.pk/products/v210-5s-i458862331.html
0.2033898305084746,0.11885593220338983,350.0,350.0,350.0,0.03694456151970377,weak match,https://www.daraz.pk/products/1-31-i202342016.html
0.14736842105263157,0.14294736842105263,226.0,226.0,226.0,0.028691034869589602,weak match,https://www.daraz.pk/products/5-6pin-smd-usb-31-c-c-i471407434.html
0.1794871794871795,0.11516836577077541,549.0,549.0,549.0,0.05615224938557345,weak match,https://www.daraz.pk/products/xiaomi-redmi-note-14-mobile-sim-tray-green-sim-slot-repair-part-i947734366.html
0.13333333333333333,0.10385964912280701,300.0,300.0,300.0,0.027671309713003644,weak match,https://www.daraz.pk/products/6-wl-i272968668.html
0.11976047904191617,0.11767163347723159,195.0,195.0,195.0,0.02037830242278877,inconsistent pricing,https://www.daraz.pk/products/15cc-i362353029.html
0.12371134020618557,0.13183747725894482,747.0,747.0,747.0,0.04437513666175851,weak match,https://www.daraz.pk/products/1-8-i125628613.html
0.10416666666666667,0.09039763113367175,219.0,219.0,219.0,0.017581777280882872,inconsistent pricing,https://www.daraz.pk/products/b7000-diy-lcd-b7000-i462239364.html
0.11392405063291139,0.1265512153451891,400.0,400.0,400.0,0.04495602676560891,weak match,https://www.daraz.pk/products/x-50-diy-i922590453.html
0.1388888888888889,0.06360924683072335,449.0,449.0,449.0,0.02536461085878755,weak match,https://www.daraz.pk/products/1-32-i453669536.html
0.15942028985507245,0.12250937468328772,2700.0,2700.0,2700.0,0.0,inconsistent pricing,https://www.daraz.pk/products/800850-i436156414.html
0.08695652173913043,0.06478260869565217,458.0,458.0,458.0,0.026350297320256386,weak match,https://www.daraz.pk/products/mechanic-uv-solder-resist-mask-10cc-blue-bga-uv-curable-solder-mask-paste-for-pcb-circuit-board-repair-i935071836.html
0.17699115044247787,0.10130493475326234,450.0,450.0,450.0,0.04048598635787572,weak match,https://www.daraz.pk/products/1-31-i168024645.html
0.14814814814814814,0.1106878306878307,425.0,425.0,425.0,0.04177826646743166,weak match,https://www.daraz.pk/products/31-i537776249.html
0.034482758620689655,0.06337988030778,2496.0,2496.0,2496.0,0.0,inconsistent pricing,https://www.daraz.pk/products/te-800-helping-hand-soldering-stand-with-5x8x-magnifier-5-led-repairing-workbench-light-tool-hemofy-i397775006.html
0.06844106463878327,0.06767493331819988,124.0,124.0,124.0,0.007452656955112599,inconsistent pricing,https://www.daraz.pk/products/4-i801135169.html
0.1728395061728395,0.22262417456215905,563.0,563.0,563.0,0.11131208728107952,weak match,https://www.daraz.pk/products/rosegolden-sim-door-for-samsung-c5-professional-mobile-repair-part-i939859127.html
0.13333333333333333,0.11649122807017542,399.0,399.0,399.0,0.04127886323268206,weak match,https://www.daraz.pk/products/6-wl-i353850318.html
0.13043478260869565,0.1264007171671896,12800.0,12800.0,12800.0,0.0,inconsistent pricing,https://www.daraz.pk/products/kada-8582d-1-2-smd-smt-i448888640.html
0.13414634146341464,0.10336267859720019,19.0,19.0,19.0,0.0017441304559030224,inconsistent pricing,https://www.daraz.pk/products/-i941113166.html
0.03773584905660377,0.08826507132995857,447.0,447.0,447.0,0.03503950877841162,weak match,https://www.daraz.pk/products/10cc-5-uv-pcb-bga-i426795310.html
0.12422360248447205,0.12197859762029484,625.0,625.0,625.0,0.054272892902102764,weak match,https://www.daraz.pk/products/mechanic-15in1-mc-ufo-030350405-universal-bga-stencil-hole-012mm-bga-ic-reballing-stencil-direct-heat-template-for-mobile-phone-by-electrica-i534302497.html
0.10144927536231885,0.0909293604945779,418.0,418.0,418.0,0.03375530433990547,weak match,https://www.daraz.pk/products/mechanic-15mm-25mm-r300-solder-wick-braided-solder-remover-15m-suction-thread-lead-wire-bga-flux-repair-tools-by-electrica-i477365588.html
0.11428571428571428,0.11904761904761904,519.0,519.0,519.0,0.05487185993402689,weak match,https://www.daraz.pk/products/1-16-1-16-030350445-05-bga-ic-i561143856.html
0.09345794392523364,0.14452603471295059,943.0,943.0,943.0,0.023488689478214884,inconsistent pricing,https://www.daraz.pk/products/500c-heat-resistant-silicone-repairing-mat-te-502-non-slip-soldering-pad-129-inch-hemofy-i477995407.html
0.07042253521126761,0.10980166714573154,1850.0,1850.0,1850.0,0.0,inconsistent pricing,https://www.daraz.pk/products/25x-75x-10x-led-light-helping-hands-magnifier-soldering-stationmagnifying-glass-stand-with-auxiliary-clamp-and-alligator-clips-i130279374.html
0.09876543209876543,0.1232271030720643,370.0,370.0,370.0,0.04049203209295186,weak match,https://www.daraz.pk/products/vivo-v21e-original-camera-glass-repair-replacement-rear-lens-cover-i349967782.html
0.11382113821138211,0.13927845528455285,2100.0,2100.0,2100.0,0.0,inconsistent pricing,https://www.daraz.pk/products/2-led-2-t801-te-te-801-i459392520.html
0.09090909090909091,0.08891838088918382,199.0,199.0,199.0,0.015714704970646164,inconsistent pricing,https://www.daraz.pk/products/b6000-e6000-available-in-different-sizes-multi-purpose-adhesive-glue-for-crafts-mobile-repair-jewelry-fabric-diy-i633049974.html
0.014814814814814815,0.03164021164021164,120.0,120.0,120.0,0.0033719586117454676,inconsistent pricing,https://www.daraz.pk/products/pcb-pcbs-i590929329.html
0.09876543209876543,0.13718059144415734,380.0,380.0,380.0,0.04629540386214902,weak match,https://www.daraz.pk/products/huawei-8c-original-camera-glass-repair-replacement-rear-lens-cover-i366386388.html
0.0963855421686747,0.13400876232201533,646.0,646.0,646.0,0.05712629299695148,weak match,https://www.daraz.pk/products/premium-standard-vivo-v27e-sim-tray-jacket-housing-repair-part-green-i1950905895.html
0.14285714285714285,0.12126499454743728,304.0,304.0,304.0,0.03273939462026726,weak match,https://www.daraz.pk/products/1-6-p-3001-i208468049.html
0.09302325581395349,0.10266384778012684,1599.0,1599.0,1599.0,0.0,inconsistent pricing,https://www.daraz.pk/products/2-led-1-3-te-801-i208476712.html
0.07547169811320754,0.07018867924528302,199.0,199.0,199.0,0.012404571198766716,inconsistent pricing,https://www.daraz.pk/products/candure-hair-tweezers-sets-for-eyebrow-and-facial-hairs-for-man-woman-premium-quality-design-color-patterns-face-body-eyebrows-tiny-hairs-tweezers-for-different-purposes-mobile-repairing-electric-stickers-medium-size-makeup-hair-removal-accessories-i488374985.html
0.1111111111111111,0.1249813571961223,450.0,450.0,450.0,0.04994814452775758,weak match,https://www.daraz.pk/products/sr-traders-adjustable-pcb-circuit-board-holder-stand-repairing-tool-for-mobile-ic-grooves-soldering-and-small-circuit-repairing-i878751467.html
0.12571428571428572,0.10361904761904764,4999.0,4999.0,4999.0,0.0,inconsistent pricing,https://www.daraz.pk/products/led-4-i335428478.html
0.07659574468085106,0.07563829787234043,699.0,699.0,699.0,0.028683439779297833,weak match,https://www.daraz.pk/products/magnetic-screwdriver-31-in-1-screwdriver-set-mobile-repair-tool-kit-watches-repair-tool-kit-glasses-repair-tool-kit-best-quality-screwdriver-tool-kit-multi-functional-pocket-screwdriver-set-30-magnetic-bits-and-handle-i393016198.html
0.14516129032258066,0.12318079519879971,539.0,539.0,539.0,0.05896487443352846,weak match,https://www.daraz.pk/products/1-24-i798863088.html
0.10344827586206896,0.1207181533200342,1060.0,1060.0,1060.0,0.007075842024087261,inconsistent pricing,https://www.daraz.pk/products/mechanic-mc-magic-tag-solder-pieces-pad-repair-sheet-for-pcb-mobile-ic-repair-welding-tool-by-electrica-i1950831413.html
0.13846153846153847,0.1264957264957265,940.0,940.0,940.0,0.020895386437127107,inconsistent pricing,https://www.daraz.pk/products/sr-traders-jakemy-sk05-silicone-rubber-suction-cup-for-lcd-screen-repair-strong-pvc-grip-for-safe-phone-disassembly-i879843364.html
0.20930232558139536,0.1496549961666241,449.0,449.0,449.0,0.05967592653535899,weak match,https://www.daraz.pk/products/1-31-i166410381.html
0.20833333333333334,0.1546204620462046,849.0,849.0,849.0,0.03803718293676615,weak match,https://www.daraz.pk/products/25-in-1-multifunctional-screw-driver-bit-set-diy-mobile-phone-notebook-repair-tools-i222579703.html
0.11627906976744186,0.10752857705951913,2354.0,2354.0,2354.0,0.0,inconsistent pricing,https://www.daraz.pk/products/932-f-i343294274.html
0.17073170731707318,0.13725820016820858,553.0,553.0,553.0,0.06741011073980403,weak match,https://www.daraz.pk/products/sim-card-tray-adapter-for-infinix-hot-11-silver-complete-repair-kit-i939872534.html
0.10071942446043165,0.10695443645083932,450.0,450.0,450.0,0.04274378010912762,weak match,https://www.daraz.pk/products/10x-2023-i428608876.html
0.11851851851851852,0.09026455026455027,961.0,961.0,961.0,0.013227043333615272,inconsistent pricing,https://www.daraz.pk/products/7395a-1-16-i260972025.html
0.08383233532934131,0.0823701434340621,399.0,399.0,399.0,0.02918799931633284,weak match,https://www.daraz.pk/products/sr-traders-31-in-1-electronic-precise-manual-screw-driver-tools-set-crv-bits-with-holder-for-telecommunications-mobile-repairing-kit-screwdriver-set-i871992348.html
0.14012738853503184,0.08568058504364237,450.0,450.0,450.0,0.03424179686468834,weak match,https://www.daraz.pk/products/1-31-i168018888.html
0.14492753623188406,0.11671227323401237,475.0,475.0,475.0,0.04923475114223435,weak match,https://www.daraz.pk/products/1-31-i394271728.html
0.11494252873563218,0.09290438579592886,539.0,539.0,539.0,0.04447199284547571,weak match,https://www.daraz.pk/products/universal-4-line-adjustable-dc-power-supply-cable-multi-function-current-test-wire-with-usb-output-and-alligator-clips-for-mobile-phone-repair-tools-by-electrica-i1952489653.html
0.0975609756097561,0.13557611438183348,546.0,546.0,546.0,0.0657411709169459,weak match,https://www.daraz.pk/products/premium-standard-vivo-v40-pro-tray-jacket-housing-repair-part-white-i1949225888.html
0.07079646017699115,0.0854614412136536,4813.0,4813.0,4813.0,0.0,inconsistent pricing,https://www.daraz.pk/products/kada-0v-15v-20-kada-i409986902.html
0.12280701754385964,0.1197110423116615,1198.0,1198.0,1198.0,0.0,inconsistent pricing,https://www.daraz.pk/products/60-esd-220-60-i460666374.html
0.16393442622950818,0.11281786497999226,999.0,999.0,999.0,0.01272457269312524,inconsistent pricing,https://www.daraz.pk/products/-i121164753.html
0.128,0.11581538461538463,199.0,199.0,199.0,0.02046826069135128,inconsistent pricing,https://www.daraz.pk/products/1-i208462811.html
0.1565217391304348,0.13260869565217392,940.0,940.0,940.0,0.021905166422117536,inconsistent pricing,https://www.daraz.pk/products/zw50-bga-bga-cpu-pcb-i480826898.html
0.07272727272727272,0.06109090909090909,499.0,499.0,499.0,0.027073147101566285,weak match,https://www.daraz.pk/products/2-i397570410.html
0.08032128514056225,0.07937260854441389,498.0,498.0,498.0,0.035104404134207914,weak match,https://www.daraz.pk/products/1-31-crv-i601021602.html
0.128,0.11581538461538463,199.0,199.0,199.0,0.02046826069135128,inconsistent pricing,https://www.daraz.pk/products/1-i208472577.html
0.11382113821138211,0.12990345528455283,465.0,465.0,465.0,0.05364574307932244,weak match,https://www.daraz.pk/products/p-c-b-i365998420.html
0.13432835820895522,0.11416299795984108,1025.0,1025.0,1025.0,0.010240197863182901,inconsistent pricing,https://www.daraz.pk/products/41-i926968888.html
0.0945945945945946,0.10842607313195549,4627.0,4627.0,4627.0,0.0,inconsistent pricing,https://www.daraz.pk/products/titan-tn1502da-15v-2a-regulated-digital-power-supply-unit-with-volt-meter-amp-meter-dual-display-for-mobilepcb-repair-by-electrica-i595371092.html
0.07092198581560284,0.06946468473720004,600.0,600.0,600.0,0.03244975503709344,weak match,https://www.daraz.pk/products/r7-60-i924683386.html
0.0,0.04444444444444444,399.0,399.0,399.0,0.015748963883955,weak match,https://www.daraz.pk/products/mc-su7-uv-i911877252.html
0.14173228346456693,0.13851109520400856,1349.0,1349.0,1349.0,0.0,inconsistent pricing,https://www.daraz.pk/products/amaoe-bga-ic-03-45-i415868392.html
0.08,0.06852173913043479,1499.0,1499.0,1499.0,0.0,inconsistent pricing,https://www.daraz.pk/products/2-1-31-jyd-5-i2590813.html
0.1518987341772152,0.18933092224231463,558.0,558.0,558.0,0.09382473766537439,weak match,https://www.daraz.pk/products/spare-sim-holder-slot-for-samsung-a5-2016-silver-diy-repair-part-i939831269.html
0.26865671641791045,0.20746268656716416,226.0,226.0,226.0,0.04163993531454627,weak match,https://www.daraz.pk/products/5-usb-smd-i289464756.html
0.06870229007633588,0.06793035423278154,99.0,99.0,99.0,0.00597256222828186,inconsistent pricing,https://www.daraz.pk/products/4-c-i785871465.html
0.10416666666666667,0.09039763113367175,217.0,217.0,217.0,0.017421213104801745,inconsistent pricing,https://www.daraz.pk/products/e8000-diy-lcd-e8000-i464013095.html
0.24615384615384617,0.1498901098901099,1364.0,1364.0,1364.0,0.0,inconsistent pricing,https://www.daraz.pk/products/150-i390565518.html
0.07782101167315175,0.06318947337155077,460.0,460.0,460.0,0.025814527309869766,weak match,https://www.daraz.pk/products/31-i561535759.html
0.0966183574879227,0.09525111658007475,4444.0,4444.0,4444.0,0.0,inconsistent pricing,https://www.daraz.pk/products/instaorder-360-degree-rotation-soldering-helping-hand-clips-led-magnifying-glass-mobile-phone-motherboard-repair-tool-table-for-precision-work-electronics-work-small-electronics-i945567479.html
0.13245033112582782,0.0837493632195619,539.0,539.0,539.0,0.040089615253413736,weak match,https://www.daraz.pk/products/1-24-i798878043.html
0.11180124223602485,0.12423856918356657,2420.0,2420.0,2420.0,0.0,inconsistent pricing,https://www.daraz.pk/products/te-800-welding-magnifying-glass-5x-8x-lens-with-lamp-auxiliary-fixture-with-soldering-iron-frame-welding-magnifying-glass-workbench-repair-lamp-tool-i371916981.html
0.10416666666666667,0.09039763113367175,214.0,214.0,214.0,0.017180366840680063,inconsistent pricing,https://www.daraz.pk/products/e8000-diy-lcd-e8000-i475475372.html
0.19298245614035087,0.10744508329647649,499.0,499.0,499.0,0.047615538690001576,weak match,https://www.daraz.pk/products/1-31-i422420414.html
0.09523809523809523,0.11439581612992017,258.0,258.0,258.0,0.026211474743800534,weak match,https://www.daraz.pk/products/koocu-te-01-universal-double-sided-phone-repair-tool-disassembly-blades-pry-opening-tool-metal-crowbar-disassemble-kit-phone-spatula-hand-tool-by-electrica-i547281855.html
0.16279069767441862,0.1178635318170202,563.0,563.0,563.0,0.0589317659085101,weak match,https://www.daraz.pk/products/silver-sim-door-for-tecno-spark-go-2024-professional-mobile-repair-part-i939859193.html
0.04411764705882353,0.11126408010012516,480.0,480.0,480.0,0.047430513719413925,weak match,https://www.daraz.pk/products/6-10-uv-pcb-bga-i457909615.html
0.175,0.15470588235294117,550.0,550.0,550.0,0.07556681642461602,weak match,https://www.daraz.pk/products/seamless-integration-vivo-v40-tray-jacket-repair-component-purple-i1949394086.html
0.1694915254237288,0.07755270773046713,699.0,699.0,699.0,0.029409419361376078,weak match,https://www.daraz.pk/products/1-24-i1946855932.html
0.11627906976744186,0.10752857705951913,2675.0,2675.0,2675.0,0.0,inconsistent pricing,https://www.daraz.pk/products/932-f-i278331076.html
0.07604562737642585,0.07967198229385393,1640.0,1640.0,1640.0,0.0,inconsistent pricing,https://www.daraz.pk/products/500-lcd-i395607731.html
0.11666666666666667,0.12346666666666667,336.0,336.0,336.0,0.03684262877442274,weak match,https://www.daraz.pk/products/soldex-liquid-soldering-flux-bottle-for-pcb-repair-welding-mobile-fixing-high-performance-flux-by-electrica-i1951214948.html
0.14864864864864866,0.1300476947535771,446.0,446.0,446.0,0.05151089863241153,weak match,https://www.daraz.pk/products/universal-set-dismountable-antiskid-handle-multifunction-repair-31-in-1-precision-handle-screwdriver-set-mobile-phone-repair-kit-pliers-i353481913.html
0.1348314606741573,0.11776237150370547,282.0,282.0,282.0,0.029492885225617178,weak match,https://www.daraz.pk/products/900m-i410499856.html
0.09433962264150944,0.13503314635390107,289.0,289.0,289.0,0.034657708078399116,weak match,https://www.daraz.pk/products/hwy-800-soldering-flux-25ml-high-quality-liquid-paste-for-stainless-steel-quick-welding-i841766404.html
0.1,0.12000000000000001,399.0,399.0,399.0,0.04252220248667851,weak match,https://www.daraz.pk/products/mc-900m-tis-i926935324.html
0.0842911877394636,0.07431797885518393,1200.0,1200.0,1200.0,0.0,inconsistent pricing,https://www.daraz.pk/products/mechanic-t9000-2-pieces-pure-white-glue-50ml-adhesive-full-white-50ml-glue-for-mobile-phone-repairing-tablet-lcd-back-panel-fixing-jewelry-toy-stones-glass-wood-flower-leather-pvc-handicrafts-plastic-glue-gum-mughal-g-mobiles-pk-i520403047.html
0.11650485436893204,0.10215749730312837,399.0,399.0,399.0,0.03619968154879949,weak match,https://www.daraz.pk/products/2uul-i920097289.html
0.12244897959183673,0.13053298989498713,854.0,854.0,854.0,0.03153194782543206,weak match,https://www.daraz.pk/products/1-14-i205888205.html
0.11428571428571428,0.09536945812807882,449.0,449.0,449.0,0.03802920666030852,weak match,https://www.daraz.pk/products/-i590475149.html
0.09876543209876543,0.1092736146999713,553.0,553.0,553.0,0.05366634896011024,weak match,https://www.daraz.pk/products/sim-card-tray-adapter-for-tecno-spark-10c-blue-complete-repair-kit-i939868766.html
0.11851851851851852,0.09026455026455027,961.0,961.0,961.0,0.013227043333615272,inconsistent pricing,https://www.daraz.pk/products/7395a-1-16-i399374966.html
0.1875,0.13440594059405941,980.0,980.0,980.0,0.017427413256423337,inconsistent pricing,https://www.daraz.pk/products/sw-1688-i349673612.html
0.09090909090909091,0.09767750497677505,550.0,550.0,550.0,0.04771103706680842,weak match,https://www.daraz.pk/products/uv50-ic-bgapgasmd-i301249250.html
0.21052631578947367,0.15621052631578947,499.0,499.0,499.0,0.069226512106198,weak match,https://www.daraz.pk/products/1-31-i459035025.html
0.12080536912751678,0.12624422557308462,490.0,490.0,490.0,0.0549375404358894,weak match,https://www.daraz.pk/products/mechanic-su7-uv-instant-curing-green-solder-mask-ink-for-pcb-mobile-motherboard-repair-quick-3s-dry-durable-protection-by-electrica-i621165579.html
0.18181818181818182,0.30934699103713187,1899.0,1899.0,1899.0,0.0,inconsistent pricing,https://www.daraz.pk/products/s6-i498112383.html
0.14388489208633093,0.14088729016786572,472.0,472.0,472.0,0.059057549697364674,weak match,https://www.daraz.pk/products/te-022-lcd-i366552743.html
0.15151515151515152,0.2972257789159197,1999.0,1999.0,1999.0,0.0,inconsistent pricing,https://www.daraz.pk/products/4-i376724832.html
0.0749063670411985,0.056433135051773525,699.0,699.0,699.0,0.021400487270965624,weak match,https://www.daraz.pk/products/1-3-lcd-led-tv-i409654360.html
0.18421052631578946,0.22183235867446394,563.0,563.0,563.0,0.11091617933723197,weak match,https://www.daraz.pk/products/gray-sim-door-for-samsung-professional-mobile-repair-part-i939855347.html
0.08695652173913043,0.09059656218402426,5300.0,5300.0,5300.0,0.0,inconsistent pricing,https://www.daraz.pk/products/-i684719035.html
0.1038961038961039,0.10009502692429523,799.0,799.0,799.0,0.02906844920448005,weak match,https://www.daraz.pk/products/mechanic-solder-paste-xgsp50vb545xg-50-bga-paste-183138-degree-i432860895.html
0.0449438202247191,0.17116901745158974,599.0,599.0,599.0,0.08011196465096607,weak match,https://www.daraz.pk/products/samsung-ultra-original-camera-glass-repair-replacement-rear-lens-cover-i368469001.html
0.17721518987341772,0.12802893309222424,563.0,563.0,563.0,0.06401446654611212,weak match,https://www.daraz.pk/products/black-sim-door-for-oneplus-7-pro-professional-mobile-repair-part-i939855202.html
0.09216589861751152,0.08010960269024785,225.0,225.0,225.0,0.016007691478957163,inconsistent pricing,https://www.daraz.pk/products/b7000-50-168-fl-diy-i922571946.html
0.09375,0.09841370558375634,3000.0,3000.0,3000.0,0.0,inconsistent pricing,https://www.daraz.pk/products/s-160-bga-i423259472.html
0.13846153846153847,0.13538461538461538,1099.0,1099.0,1099.0,0.003246345129116002,inconsistent pricing,https://www.daraz.pk/products/-i455254748.html
0.14864864864864866,0.10651828298887123,1222.0,1222.0,1222.0,0.0,inconsistent pricing,https://www.daraz.pk/products/530-530-org-i390196049.html
0.125,0.13470588235294118,210.0,210.0,210.0,0.025122766691045868,inconsistent pricing,https://www.daraz.pk/products/oppo-a52-original-camera-glass-repair-replacement-rear-lens-cover-i366438101.html
0.0736196319018405,0.09373356704645047,850.0,850.0,850.0,0.02297554574140349,weak match,https://www.daraz.pk/products/rma-uv10-10cc-bga-i458977805.html
0.08771929824561403,0.07113922144416836,1603.0,1603.0,1603.0,0.0,inconsistent pricing,https://www.daraz.pk/products/1-28-i262783545.html
0.16,0.13784615384615384,2499.0,2499.0,2499.0,0.0,inconsistent pricing,https://www.daraz.pk/products/redmi-note-10-pro-complete-body-replacement-with-button-and-camera-lens-complete-housing-for-redmi-note-10-pro-i914980073.html
0.09900990099009901,0.19809452643377545,950.0,950.0,950.0,0.03096326523298799,inconsistent pricing,https://www.daraz.pk/products/s10-4g-sm-g973-i135152298.html
0.12280701754385964,0.13987910953855226,749.0,749.0,749.0,0.0468334141172595,weak match,https://www.daraz.pk/products/19-_-i932557830.html
0.0966183574879227,0.09525111658007475,4999.0,4999.0,4999.0,0.0,inconsistent pricing,https://www.daraz.pk/products/instaorder-360-degree-rotation-soldering-helping-hand-clips-led-magnifying-glass-mobile-phone-motherboard-repair-tool-table-for-precision-work-electronics-work-small-electronics-i566578999.html
0.09302325581395349,0.10266384778012684,1599.0,1599.0,1599.0,0.0,inconsistent pricing,https://www.daraz.pk/products/2-led-1-3-te-801-i412895439.html
0.0903954802259887,0.07571863165083503,299.0,299.0,299.0,0.020106457250088524,weak match,https://www.daraz.pk/products/bp-10-i560356374.html
0.08695652173913043,0.09478260869565217,148.0,148.0,148.0,0.012458104872963161,inconsistent pricing,https://www.daraz.pk/products/08-15-50-100-24-7-i218358006.html
0.17721518987341772,0.17088607594936708,243.0,243.0,243.0,0.03687861141713695,weak match,https://www.daraz.pk/products/kc-b7000-50ml-i1953684629.html
0.112,0.12787692307692308,436.0,436.0,436.0,0.049515398278453346,weak match,https://www.daraz.pk/products/mechanic-ds6-40g-04mm-for-electronic-soldering-iron-welding-high-purity-no-clean-rosin-solder-wire-by-electrica-i689728732.html
0.08888888888888889,0.11134502923976608,553.0,553.0,553.0,0.054683660008517446,weak match,https://www.daraz.pk/products/sim-card-tray-adapter-for-infinix-hot-50-pro-plus-black-complete-repair-kit-i939878158.html
0.1038961038961039,0.1170301396716491,422.0,422.0,422.0,0.04386031877569797,weak match,https://www.daraz.pk/products/kaisi-t9000-58ml-8000-i406948951.html
0.08247422680412371,0.1506367495451789,673.0,673.0,673.0,0.0606025289022789,weak match,https://www.daraz.pk/products/vivo-y20y20s-replacement-back-glass-housing-battery-door-with-back-cover-for-repair-i476740442.html
0.21052631578947367,0.15621052631578947,399.0,399.0,399.0,0.05535346358792185,weak match,https://www.daraz.pk/products/1-31-i130428900.html
0.08275862068965517,0.08910344827586207,650.0,650.0,650.0,0.037667177068659276,weak match,https://www.daraz.pk/products/12-i946945991.html
0.22641509433962265,0.16624171341152472,870.0,870.0,870.0,0.037795629336900824,weak match,https://www.daraz.pk/products/1-25-diy-i174368884.html
0.12213740458015267,0.0841490794791199,2000.0,2000.0,2000.0,0.0,inconsistent pricing,https://www.daraz.pk/products/5-led-te-800-25x-75x-10x-i269272125.html
0.10714285714285714,0.10439560439560439,230.0,230.0,230.0,0.021324146546171412,weak match,https://www.daraz.pk/products/2-xxsxr11-12-13-14-i436336296.html
0.11494252873563218,0.09290438579592886,596.0,596.0,596.0,0.04372941782579244,weak match,https://www.daraz.pk/products/1-32-i832671046.html
0.10526315789473684,0.21010526315789474,950.0,950.0,950.0,0.03284060951668692,inconsistent pricing,https://www.daraz.pk/products/s7-i135148609.html
0.19298245614035087,0.13769718413681262,2500.0,2500.0,2500.0,0.0,inconsistent pricing,https://www.daraz.pk/products/bga-rework-knife-mobile-phone-disassembly-tool-chip-ic-knife-glue-removal-tool-main-board-repair-tool-i416305577.html
0.14414414414414414,0.13007145076110593,422.0,422.0,422.0,0.04874791493888695,weak match,https://www.daraz.pk/products/10pcs50pcs100pcs-t2-i550-micro-usb-type-b-female-5pin-smt-socket-jack-connector-for-smart-phones-i432059705.html
0.09302325581395349,0.10314336825964733,553.0,553.0,553.0,0.05065566842591916,weak match,https://www.daraz.pk/products/sim-card-tray-adapter-for-infinix-hot-6-x606-golden-complete-repair-kit-i939877246.html
0.08695652173913043,0.12138054683998206,840.0,840.0,840.0,0.030830227705359568,weak match,https://www.daraz.pk/products/8x-i135150377.html
0.13675213675213677,0.12355331371724815,195.0,195.0,195.0,0.02139688825476322,inconsistent pricing,https://www.daraz.pk/products/1-i208456837.html
