title,url,price,image
Apple Iphone 17 Pro Max,<!----> Apple Iphone 17 Pro Max,"Rs 519,999",https://images.priceoye.pk/apple-17-pro-max-pakistan-priceoye-5srcg-100x100.webp
Apple Iphone 17e,<!----> Apple Iphone 17e,"Rs 289,000",https://images.priceoye.pk/apple-iphone-17e-pakistan-priceoye-x97pr-100x100.webp
Apple Iphone 17 Air,<!----> Apple Iphone 17 Air,"Rs 399,999",https://images.priceoye.pk/apple-iphone-17-air-pakistan-priceoye-cn5xh-100x100.webp
Apple Iphone 17,<!----> Apple Iphone 17,"Rs 383,999",https://images.priceoye.pk/apple-iphone-17-pakistan-priceoye-zjqph-100x100.webp
Apple Iphone 17 Pro,<!----> Apple Iphone 17 Pro,"Rs 489,999",https://images.priceoye.pk/apple-iphone-17-pro-pakistan-priceoye-itezs-100x100.webp
Apple iPhone 16,<!----> Apple iPhone 16,"Rs 309,999",https://images.priceoye.pk/apple-iphone-16-pakistan-priceoye-ovpun-100x100.webp
Apple iPhone 16 Pro Max,<!----> Apple iPhone 16 Pro Max,"Rs 509,999",https://images.priceoye.pk/apple-iphone-16-pro-max-pakistan-priceoye-v0q3c-100x100.webp
Apple iPhone 15,<!----> Apple iPhone 15,"Rs 266,999",https://images.priceoye.pk/apple-iphone-15-pakistan-priceoye-l41de-100x100.webp
Apple iPhone 14,"<span class=""inline-badge""><img src=""https://images.priceoye.pk/badges/priceoye-sale-20260413-g5b8j.png"" alt=""Badge"" width=""40"" height=""40""></span> Apple iPhone 14","Rs 184,999",https://images.priceoye.pk/apple-iphone-14-pakistan-priceoye-3j7db-100x100.webp
Apple iPhone 13,<!----> Apple iPhone 13,"Rs 164,999",https://images.priceoye.pk/apple-iphone-13-pakistan-priceoye-whjtp-100x100.webp
Apple iPhone XS,<!----> Apple iPhone XS,"Rs 158,999",https://images.priceoye.pk/apple-iphone-xs-pakistan-priceoye-gvoxv-100x100.webp
Apple iPhone 8 Plus,<!----> Apple iPhone 8 Plus,"Rs 123,299",https://images.priceoye.pk/apple-iphone-8-plus-pakistan-priceoye-ok5ve-100x100.webp
Apple iPhone X,<!----> Apple iPhone X,"Rs 141,999",https://images.priceoye.pk/apple-iphone-x-pakistan-priceoye-9k67h-100x100.webp
Apple iPhone 8,<!----> Apple iPhone 8,"Rs 94,999",https://images.priceoye.pk/apple-iphone-8-pakistan-priceoye-5z4gd-100x100.webp
Apple iPhone SE,<!----> Apple iPhone SE,"Rs 31,500",https://images.priceoye.pk/apple-iphone-se-pakistan-priceoye-100x100.webp
Apple iPhone 6s,<!----> Apple iPhone 6s,"Rs 77,599",https://images.priceoye.pk/apple-iphone-6s-pakistan-priceoye-e4vol-100x100.webp
Apple iPhone 6,<!----> Apple iPhone 6,"Rs 43,999",https://images.priceoye.pk/apple-iphone-6-pakistan-priceoye-rh0jx-100x100.webp
Apple iPhone 6 Plus,<!----> Apple iPhone 6 Plus,"Rs 42,999",https://images.priceoye.pk/apple-iphone-6-plus-pakistan-priceoye-na254-100x100.webp
Apple iPhone 5s,<!----> Apple iPhone 5s,"Rs 25,799",https://images.priceoye.pk/apple-iphone-5s-pakistan-priceoye-r3sug-100x100.webp
Apple iPhone 5c,<!----> Apple iPhone 5c,"Rs 28,300",https://images.priceoye.pk/apple-iphone-5c-pakistan-priceoye-gyc3a-100x100.webp
Apple iPhone 5,<!----> Apple iPhone 5,"Rs 25,799",https://images.priceoye.pk/apple-iphone-5-pakistan-priceoye-4qkl0-100x100.webp
Apple Iphone 17 Pro Max,<!----> Apple Iphone 17 Pro Max,"Rs 519,999",https://images.priceoye.pk/apple-17-pro-max-pakistan-priceoye-5srcg-100x100.webp
Apple Iphone 17e,<!----> Apple Iphone 17e,"Rs 289,000",https://images.priceoye.pk/apple-iphone-17e-pakistan-priceoye-x97pr-100x100.webp
Apple Iphone 17 Air,<!----> Apple Iphone 17 Air,"Rs 399,999",https://images.priceoye.pk/apple-iphone-17-air-pakistan-priceoye-cn5xh-100x100.webp
Apple Iphone 17,<!----> Apple Iphone 17,"Rs 383,999",https://images.priceoye.pk/apple-iphone-17-pakistan-priceoye-zjqph-100x100.webp
Apple Iphone 17 Pro,<!----> Apple Iphone 17 Pro,"Rs 489,999",https://images.priceoye.pk/apple-iphone-17-pro-pakistan-priceoye-itezs-100x100.webp
Apple iPhone 16,<!----> Apple iPhone 16,"Rs 309,999",https://images.priceoye.pk/apple-iphone-16-pakistan-priceoye-ovpun-100x100.webp
Apple iPhone 16 Pro Max,<!----> Apple iPhone 16 Pro Max,"Rs 509,999",https://images.priceoye.pk/apple-iphone-16-pro-max-pakistan-priceoye-v0q3c-100x100.webp
Apple iPhone 15,<!----> Apple iPhone 15,"Rs 266,999",https://images.priceoye.pk/apple-iphone-15-pakistan-priceoye-l41de-100x100.webp
Apple iPhone 14,"<span class=""inline-badge""><img src=""https://images.priceoye.pk/badges/priceoye-sale-20260413-g5b8j.png"" alt=""Badge"" width=""40"" height=""40""></span> Apple iPhone 14","Rs 184,999",https://images.priceoye.pk/apple-iphone-14-pakistan-priceoye-3j7db-100x100.webp
Apple iPhone 13,<!----> Apple iPhone 13,"Rs 164,999",https://images.priceoye.pk/apple-iphone-13-pakistan-priceoye-whjtp-100x100.webp